Text,Label,Window,User Name,User ID,cleand_text,sentiment
"It works as described, no major issues.",Neutral,Flipkart,Arjun Singh,U1001,works described major issues,Positive
Customer service was unhelpful and rude.,Negative,Flipkart,Vikram Joshi,U1002,customer service unhelpful rude,Negative
"Amazing quality, totally worth the price.",Positive,Flipkart,Ananya Roy,U1003,amazing quality totally worth price,Positive
"I am very satisfied with my purchase, highly recommend.",Positive,Flipkart,Vikram Joshi,U1004,satisfied purchase highly recommend,Positive
"I am disappointed, it did not meet my expectations.",Negative,Flipkart,Raj Verma,U1005,disappointed meet expectations,Negative
Customer service was unhelpful and rude.,Negative,Flipkart,Raj Verma,U1006,customer service unhelpful rude,Negative
"Very poor quality, not worth the money.",Negative,Flipkart,Neha Gupta,U1007,poor quality worth money,Negative
"The experience was average, not bad.",Neutral,Flipkart,Sneha Patel,U1008,experience average bad,Negative
Item arrived late and was damaged.,Negative,Amazon,Sneha Patel,U1009,item arrived late damaged,Negative
The product exceeded my expectations and works flawlessly.,Positive,Flipkart,Raj Verma,U1010,product exceeded expectations works flawlessly,Positive
"Very poor quality, not worth the money.",Negative,Flipkart,Neha Gupta,U1011,poor quality worth money,Negative
"Delivery was on time, but packaging could be better.",Neutral,Flipkart,Raj Verma,U1012,delivery time packaging could better,Positive
The product exceeded my expectations and works flawlessly.,Positive,Amazon,Vikram Joshi,U1013,product exceeded expectations works flawlessly,Positive
The product stopped working after a few days.,Negative,Amazon,Ananya Roy,U1014,product stopped working days,Neutral
"Very poor quality, not worth the money.",Negative,Flipkart,Ananya Roy,U1015,poor quality worth money,Negative
"Very poor quality, not worth the money.",Negative,Flipkart,Neha Gupta,U1016,poor quality worth money,Negative
"I am disappointed, it did not meet my expectations.",Negative,Flipkart,Priya Sharma,U1017,disappointed meet expectations,Negative
Item arrived late and was damaged.,Negative,Amazon,Vikram Joshi,U1018,item arrived late damaged,Negative
"Delivery was on time, but packaging could be better.",Neutral,Flipkart,Karan Mehta,U1019,delivery time packaging could better,Positive
Item arrived late and was damaged.,Negative,Amazon,Ananya Roy,U1020,item arrived late damaged,Negative
"I am very satisfied with my purchase, highly recommend.",Positive,Flipkart,Sneha Patel,U1021,satisfied purchase highly recommend,Positive
"I am disappointed, it did not meet my expectations.",Negative,Amazon,Sneha Patel,U1022,disappointed meet expectations,Negative
The product stopped working after a few days.,Negative,Amazon,Karan Mehta,U1023,product stopped working days,Neutral
"Delivery was on time, but packaging could be better.",Neutral,Flipkart,Raj Verma,U1024,delivery time packaging could better,Positive
The product exceeded my expectations and works flawlessly.,Positive,Amazon,Raj Verma,U1025,product exceeded expectations works flawlessly,Positive
"I am disappointed, it did not meet my expectations.",Negative,Amazon,Priya Sharma,U1026,disappointed meet expectations,Negative
The product is functional but lacks some features.,Neutral,Amazon,Arjun Singh,U1027,product functional lacks features,Neutral
"I am disappointed, it did not meet my expectations.",Negative,Flipkart,Ananya Roy,U1028,disappointed meet expectations,Negative
"Delivery was on time, but packaging could be better.",Neutral,Flipkart,Sneha Patel,U1029,delivery time packaging could better,Positive
Excellent customer service and great product.,Positive,Flipkart,Ananya Roy,U1030,excellent customer service great product,Positive
"I am very satisfied with my purchase, highly recommend.",Positive,Flipkart,Karan Mehta,U1031,satisfied purchase highly recommend,Positive
"I am very satisfied with my purchase, highly recommend.",Positive,Flipkart,Neha Gupta,U1032,satisfied purchase highly recommend,Positive
Item arrived late and was damaged.,Negative,Flipkart,Karan Mehta,U1033,item arrived late damaged,Negative
Item arrived late and was damaged.,Negative,Amazon,Priya Sharma,U1034,item arrived late damaged,Negative
"I am disappointed, it did not meet my expectations.",Negative,Flipkart,Karan Mehta,U1035,disappointed meet expectations,Negative
The product exceeded my expectations and works flawlessly.,Positive,Amazon,Sneha Patel,U1036,product exceeded expectations works flawlessly,Positive
"Very poor quality, not worth the money.",Negative,Flipkart,Ananya Roy,U1037,poor quality worth money,Negative
Excellent customer service and great product.,Positive,Amazon,Raj Verma,U1038,excellent customer service great product,Positive
Excellent customer service and great product.,Positive,Amazon,Vikram Joshi,U1039,excellent customer service great product,Positive
"Delivery was on time, but packaging could be better.",Neutral,Flipkart,Vikram Joshi,U1040,delivery time packaging could better,Positive
The product exceeded my expectations and works flawlessly.,Positive,Amazon,Sneha Patel,U1041,product exceeded expectations works flawlessly,Positive
"Delivery was on time, but packaging could be better.",Neutral,Amazon,Karan Mehta,U1042,delivery time packaging could better,Positive
Item arrived late and was damaged.,Negative,Amazon,Arjun Singh,U1043,item arrived late damaged,Negative
The product stopped working after a few days.,Negative,Amazon,Priya Sharma,U1044,product stopped working days,Neutral
"The experience was average, not bad.",Neutral,Amazon,Neha Gupta,U1045,experience average bad,Negative
"It works as described, no major issues.",Neutral,Flipkart,Ananya Roy,U1046,works described major issues,Positive
Excellent customer service and great product.,Positive,Amazon,Karan Mehta,U1047,excellent customer service great product,Positive
"It works as described, no major issues.",Neutral,Flipkart,Neha Gupta,U1048,works described major issues,Positive
The product stopped working after a few days.,Negative,Flipkart,Vikram Joshi,U1049,product stopped working days,Neutral
"The experience was average, not bad.",Neutral,Flipkart,Karan Mehta,U1050,experience average bad,Negative
"Delivery was on time, but packaging could be better.",Neutral,Flipkart,Sneha Patel,U1051,delivery time packaging could better,Positive
Excellent customer service and great product.,Positive,Amazon,Sneha Patel,U1052,excellent customer service great product,Positive
The product exceeded my expectations and works flawlessly.,Positive,Amazon,Raj Verma,U1053,product exceeded expectations works flawlessly,Positive
Excellent customer service and great product.,Positive,Amazon,Karan Mehta,U1054,excellent customer service great product,Positive
Excellent customer service and great product.,Positive,Flipkart,Sneha Patel,U1055,excellent customer service great product,Positive
The product is functional but lacks some features.,Neutral,Flipkart,Sneha Patel,U1056,product functional lacks features,Neutral
The product exceeded my expectations and works flawlessly.,Positive,Amazon,Priya Sharma,U1057,product exceeded expectations works flawlessly,Positive
The product stopped working after a few days.,Negative,Flipkart,Raj Verma,U1058,product stopped working days,Neutral
"The product is okay, nothing special.",Neutral,Amazon,Vikram Joshi,U1059,product okay nothing special,Positive
The product exceeded my expectations and works flawlessly.,Positive,Amazon,Priya Sharma,U1060,product exceeded expectations works flawlessly,Positive
The product is functional but lacks some features.,Neutral,Flipkart,Vikram Joshi,U1061,product functional lacks features,Neutral
Excellent customer service and great product.,Positive,Amazon,Ananya Roy,U1062,excellent customer service great product,Positive
The product exceeded my expectations and works flawlessly.,Positive,Amazon,Priya Sharma,U1063,product exceeded expectations works flawlessly,Positive
"Very poor quality, not worth the money.",Negative,Flipkart,Arjun Singh,U1064,poor quality worth money,Negative
The product exceeded my expectations and works flawlessly.,Positive,Amazon,Raj Verma,U1065,product exceeded expectations works flawlessly,Positive
The product stopped working after a few days.,Negative,Flipkart,Vikram Joshi,U1066,product stopped working days,Neutral
"Delivery was on time, but packaging could be better.",Neutral,Amazon,Karan Mehta,U1067,delivery time packaging could better,Positive
The product is functional but lacks some features.,Neutral,Amazon,Sneha Patel,U1068,product functional lacks features,Neutral
"The product is okay, nothing special.",Neutral,Amazon,Karan Mehta,U1069,product okay nothing special,Positive
"Amazing quality, totally worth the price.",Positive,Amazon,Vikram Joshi,U1070,amazing quality totally worth price,Positive
"Very poor quality, not worth the money.",Negative,Amazon,Vikram Joshi,U1071,poor quality worth money,Negative
The product stopped working after a few days.,Negative,Amazon,Sneha Patel,U1072,product stopped working days,Neutral
"Amazing quality, totally worth the price.",Positive,Amazon,Sneha Patel,U1073,amazing quality totally worth price,Positive
"The product is okay, nothing special.",Neutral,Amazon,Sneha Patel,U1074,product okay nothing special,Positive
Excellent customer service and great product.,Positive,Amazon,Sneha Patel,U1075,excellent customer service great product,Positive
"Delivery was on time, but packaging could be better.",Neutral,Flipkart,Ananya Roy,U1076,delivery time packaging could better,Positive
"Amazing quality, totally worth the price.",Positive,Flipkart,Karan Mehta,U1077,amazing quality totally worth price,Positive
The product is functional but lacks some features.,Neutral,Amazon,Arjun Singh,U1078,product functional lacks features,Neutral
The product exceeded my expectations and works flawlessly.,Positive,Flipkart,Neha Gupta,U1079,product exceeded expectations works flawlessly,Positive
Customer service was unhelpful and rude.,Negative,Amazon,Sneha Patel,U1080,customer service unhelpful rude,Negative
The product is functional but lacks some features.,Neutral,Amazon,Raj Verma,U1081,product functional lacks features,Neutral
"I am very satisfied with my purchase, highly recommend.",Positive,Amazon,Sneha Patel,U1082,satisfied purchase highly recommend,Positive
"The experience was average, not bad.",Neutral,Amazon,Ananya Roy,U1083,experience average bad,Negative
"I am very satisfied with my purchase, highly recommend.",Positive,Flipkart,Ananya Roy,U1084,satisfied purchase highly recommend,Positive
"Amazing quality, totally worth the price.",Positive,Amazon,Arjun Singh,U1085,amazing quality totally worth price,Positive
"It works as described, no major issues.",Neutral,Flipkart,Raj Verma,U1086,works described major issues,Positive
Customer service was unhelpful and rude.,Negative,Flipkart,Raj Verma,U1087,customer service unhelpful rude,Negative
The product exceeded my expectations and works flawlessly.,Positive,Amazon,Sneha Patel,U1088,product exceeded expectations works flawlessly,Positive
"I am very satisfied with my purchase, highly recommend.",Positive,Flipkart,Neha Gupta,U1089,satisfied purchase highly recommend,Positive
Excellent customer service and great product.,Positive,Flipkart,Priya Sharma,U1090,excellent customer service great product,Positive
The product is functional but lacks some features.,Neutral,Flipkart,Arjun Singh,U1091,product functional lacks features,Neutral
The item arrived on time and in perfect condition.,Positive,Flipkart,Karan Mehta,U1092,item arrived time perfect condition,Positive
Excellent customer service and great product.,Positive,Flipkart,Ananya Roy,U1093,excellent customer service great product,Positive
"I am disappointed, it did not meet my expectations.",Negative,Amazon,Vikram Joshi,U1094,disappointed meet expectations,Negative
"Very poor quality, not worth the money.",Negative,Flipkart,Arjun Singh,U1095,poor quality worth money,Negative
"It works as described, no major issues.",Neutral,Amazon,Vikram Joshi,U1096,works described major issues,Positive
"Amazing quality, totally worth the price.",Positive,Amazon,Ananya Roy,U1097,amazing quality totally worth price,Positive
"Delivery was on time, but packaging could be better.",Neutral,Amazon,Ananya Roy,U1098,delivery time packaging could better,Positive
The product exceeded my expectations and works flawlessly.,Positive,Amazon,Neha Gupta,U1099,product exceeded expectations works flawlessly,Positive
Excellent customer service and great product.,Positive,Amazon,Sneha Patel,U1100,excellent customer service great product,Positive
The item arrived on time and in perfect condition.,Positive,Amazon,Karan Mehta,U1101,item arrived time perfect condition,Positive
The product stopped working after a few days.,Negative,Amazon,Ananya Roy,U1102,product stopped working days,Neutral
"Very poor quality, not worth the money.",Negative,Amazon,Neha Gupta,U1103,poor quality worth money,Negative
Customer service was unhelpful and rude.,Negative,Amazon,Vikram Joshi,U1104,customer service unhelpful rude,Negative
"The experience was average, not bad.",Neutral,Amazon,Karan Mehta,U1105,experience average bad,Negative
Customer service was unhelpful and rude.,Negative,Flipkart,Karan Mehta,U1106,customer service unhelpful rude,Negative
"I am disappointed, it did not meet my expectations.",Negative,Flipkart,Karan Mehta,U1107,disappointed meet expectations,Negative
"I am disappointed, it did not meet my expectations.",Negative,Flipkart,Priya Sharma,U1108,disappointed meet expectations,Negative
Customer service was unhelpful and rude.,Negative,Flipkart,Arjun Singh,U1109,customer service unhelpful rude,Negative
Excellent customer service and great product.,Positive,Flipkart,Neha Gupta,U1110,excellent customer service great product,Positive
The product is functional but lacks some features.,Neutral,Flipkart,Priya Sharma,U1111,product functional lacks features,Neutral
The item arrived on time and in perfect condition.,Positive,Flipkart,Raj Verma,U1112,item arrived time perfect condition,Positive
The product is functional but lacks some features.,Neutral,Amazon,Karan Mehta,U1113,product functional lacks features,Neutral
"The product is okay, nothing special.",Neutral,Amazon,Ananya Roy,U1114,product okay nothing special,Positive
The product is functional but lacks some features.,Neutral,Amazon,Sneha Patel,U1115,product functional lacks features,Neutral
"Very poor quality, not worth the money.",Negative,Flipkart,Arjun Singh,U1116,poor quality worth money,Negative
The item arrived on time and in perfect condition.,Positive,Amazon,Priya Sharma,U1117,item arrived time perfect condition,Positive
"I am very satisfied with my purchase, highly recommend.",Positive,Flipkart,Neha Gupta,U1118,satisfied purchase highly recommend,Positive
"It works as described, no major issues.",Neutral,Amazon,Arjun Singh,U1119,works described major issues,Positive
The product is functional but lacks some features.,Neutral,Amazon,Sneha Patel,U1120,product functional lacks features,Neutral
Excellent customer service and great product.,Positive,Amazon,Karan Mehta,U1121,excellent customer service great product,Positive
"It works as described, no major issues.",Neutral,Amazon,Ananya Roy,U1122,works described major issues,Positive
"The product is okay, nothing special.",Neutral,Flipkart,Ananya Roy,U1123,product okay nothing special,Positive
The product is functional but lacks some features.,Neutral,Flipkart,Ananya Roy,U1124,product functional lacks features,Neutral
"Delivery was on time, but packaging could be better.",Neutral,Amazon,Ananya Roy,U1125,delivery time packaging could better,Positive
"Very poor quality, not worth the money.",Negative,Flipkart,Neha Gupta,U1126,poor quality worth money,Negative
"Very poor quality, not worth the money.",Negative,Amazon,Arjun Singh,U1127,poor quality worth money,Negative
"The product is okay, nothing special.",Neutral,Flipkart,Priya Sharma,U1128,product okay nothing special,Positive
"The experience was average, not bad.",Neutral,Amazon,Sneha Patel,U1129,experience average bad,Negative
The item arrived on time and in perfect condition.,Positive,Flipkart,Priya Sharma,U1130,item arrived time perfect condition,Positive
The product stopped working after a few days.,Negative,Amazon,Arjun Singh,U1131,product stopped working days,Neutral
"Very poor quality, not worth the money.",Negative,Flipkart,Vikram Joshi,U1132,poor quality worth money,Negative
"Amazing quality, totally worth the price.",Positive,Amazon,Ananya Roy,U1133,amazing quality totally worth price,Positive
Item arrived late and was damaged.,Negative,Flipkart,Priya Sharma,U1134,item arrived late damaged,Negative
Customer service was unhelpful and rude.,Negative,Flipkart,Neha Gupta,U1135,customer service unhelpful rude,Negative
"It works as described, no major issues.",Neutral,Amazon,Ananya Roy,U1136,works described major issues,Positive
"The experience was average, not bad.",Neutral,Amazon,Ananya Roy,U1137,experience average bad,Negative
"I am very satisfied with my purchase, highly recommend.",Positive,Amazon,Vikram Joshi,U1138,satisfied purchase highly recommend,Positive
"Amazing quality, totally worth the price.",Positive,Flipkart,Priya Sharma,U1139,amazing quality totally worth price,Positive
The product exceeded my expectations and works flawlessly.,Positive,Flipkart,Priya Sharma,U1140,product exceeded expectations works flawlessly,Positive
The product exceeded my expectations and works flawlessly.,Positive,Amazon,Raj Verma,U1141,product exceeded expectations works flawlessly,Positive
"Very poor quality, not worth the money.",Negative,Amazon,Vikram Joshi,U1142,poor quality worth money,Negative
"I am disappointed, it did not meet my expectations.",Negative,Amazon,Neha Gupta,U1143,disappointed meet expectations,Negative
"The experience was average, not bad.",Neutral,Amazon,Sneha Patel,U1144,experience average bad,Negative
The product is functional but lacks some features.,Neutral,Flipkart,Raj Verma,U1145,product functional lacks features,Neutral
"Amazing quality, totally worth the price.",Positive,Flipkart,Sneha Patel,U1146,amazing quality totally worth price,Positive
Excellent customer service and great product.,Positive,Flipkart,Ananya Roy,U1147,excellent customer service great product,Positive
"Delivery was on time, but packaging could be better.",Neutral,Amazon,Ananya Roy,U1148,delivery time packaging could better,Positive
"The experience was average, not bad.",Neutral,Flipkart,Ananya Roy,U1149,experience average bad,Negative
"I am very satisfied with my purchase, highly recommend.",Positive,Amazon,Neha Gupta,U1150,satisfied purchase highly recommend,Positive
"The experience was average, not bad.",Neutral,Flipkart,Raj Verma,U1151,experience average bad,Negative
Customer service was unhelpful and rude.,Negative,Amazon,Sneha Patel,U1152,customer service unhelpful rude,Negative
Customer service was unhelpful and rude.,Negative,Amazon,Sneha Patel,U1153,customer service unhelpful rude,Negative
"The experience was average, not bad.",Neutral,Flipkart,Ananya Roy,U1154,experience average bad,Negative
The product is functional but lacks some features.,Neutral,Amazon,Raj Verma,U1155,product functional lacks features,Neutral
"Amazing quality, totally worth the price.",Positive,Amazon,Ananya Roy,U1156,amazing quality totally worth price,Positive
"I am very satisfied with my purchase, highly recommend.",Positive,Flipkart,Neha Gupta,U1157,satisfied purchase highly recommend,Positive
"It works as described, no major issues.",Neutral,Amazon,Priya Sharma,U1158,works described major issues,Positive
The product is functional but lacks some features.,Neutral,Flipkart,Ananya Roy,U1159,product functional lacks features,Neutral
"I am very satisfied with my purchase, highly recommend.",Positive,Flipkart,Raj Verma,U1160,satisfied purchase highly recommend,Positive
"The experience was average, not bad.",Neutral,Amazon,Raj Verma,U1161,experience average bad,Negative
"The product is okay, nothing special.",Neutral,Flipkart,Arjun Singh,U1162,product okay nothing special,Positive
The product is functional but lacks some features.,Neutral,Flipkart,Arjun Singh,U1163,product functional lacks features,Neutral
The product stopped working after a few days.,Negative,Amazon,Raj Verma,U1164,product stopped working days,Neutral
"Delivery was on time, but packaging could be better.",Neutral,Amazon,Raj Verma,U1165,delivery time packaging could better,Positive
"Delivery was on time, but packaging could be better.",Neutral,Amazon,Neha Gupta,U1166,delivery time packaging could better,Positive
The item arrived on time and in perfect condition.,Positive,Flipkart,Karan Mehta,U1167,item arrived time perfect condition,Positive
Customer service was unhelpful and rude.,Negative,Flipkart,Raj Verma,U1168,customer service unhelpful rude,Negative
"I am disappointed, it did not meet my expectations.",Negative,Flipkart,Neha Gupta,U1169,disappointed meet expectations,Negative
"The product is okay, nothing special.",Neutral,Flipkart,Raj Verma,U1170,product okay nothing special,Positive
"I am very satisfied with my purchase, highly recommend.",Positive,Amazon,Raj Verma,U1171,satisfied purchase highly recommend,Positive
"Amazing quality, totally worth the price.",Positive,Amazon,Neha Gupta,U1172,amazing quality totally worth price,Positive
"Amazing quality, totally worth the price.",Positive,Amazon,Raj Verma,U1173,amazing quality totally worth price,Positive
"It works as described, no major issues.",Neutral,Flipkart,Raj Verma,U1174,works described major issues,Positive
The item arrived on time and in perfect condition.,Positive,Amazon,Neha Gupta,U1175,item arrived time perfect condition,Positive
"It works as described, no major issues.",Neutral,Flipkart,Neha Gupta,U1176,works described major issues,Positive
"Amazing quality, totally worth the price.",Positive,Amazon,Sneha Patel,U1177,amazing quality totally worth price,Positive
"Amazing quality, totally worth the price.",Positive,Amazon,Sneha Patel,U1178,amazing quality totally worth price,Positive
Excellent customer service and great product.,Positive,Flipkart,Raj Verma,U1179,excellent customer service great product,Positive
Item arrived late and was damaged.,Negative,Amazon,Ananya Roy,U1180,item arrived late damaged,Negative
"Amazing quality, totally worth the price.",Positive,Flipkart,Vikram Joshi,U1181,amazing quality totally worth price,Positive
"It works as described, no major issues.",Neutral,Amazon,Sneha Patel,U1182,works described major issues,Positive
The product stopped working after a few days.,Negative,Flipkart,Neha Gupta,U1183,product stopped working days,Neutral
"I am very satisfied with my purchase, highly recommend.",Positive,Flipkart,Neha Gupta,U1184,satisfied purchase highly recommend,Positive
"The experience was average, not bad.",Neutral,Flipkart,Arjun Singh,U1185,experience average bad,Negative
"Amazing quality, totally worth the price.",Positive,Amazon,Ananya Roy,U1186,amazing quality totally worth price,Positive
Excellent customer service and great product.,Positive,Flipkart,Ananya Roy,U1187,excellent customer service great product,Positive
"I am very satisfied with my purchase, highly recommend.",Positive,Flipkart,Ananya Roy,U1188,satisfied purchase highly recommend,Positive
"Amazing quality, totally worth the price.",Positive,Flipkart,Arjun Singh,U1189,amazing quality totally worth price,Positive
Excellent customer service and great product.,Positive,Flipkart,Priya Sharma,U1190,excellent customer service great product,Positive
Excellent customer service and great product.,Positive,Amazon,Neha Gupta,U1191,excellent customer service great product,Positive
"It works as described, no major issues.",Neutral,Amazon,Vikram Joshi,U1192,works described major issues,Positive
"The experience was average, not bad.",Neutral,Flipkart,Karan Mehta,U1193,experience average bad,Negative
"I am very satisfied with my purchase, highly recommend.",Positive,Flipkart,Sneha Patel,U1194,satisfied purchase highly recommend,Positive
The product stopped working after a few days.,Negative,Flipkart,Ananya Roy,U1195,product stopped working days,Neutral
"Very poor quality, not worth the money.",Negative,Flipkart,Raj Verma,U1196,poor quality worth money,Negative
"The experience was average, not bad.",Neutral,Flipkart,Sneha Patel,U1197,experience average bad,Negative
Excellent customer service and great product.,Positive,Amazon,Neha Gupta,U1198,excellent customer service great product,Positive
"I am disappointed, it did not meet my expectations.",Negative,Amazon,Vikram Joshi,U1199,disappointed meet expectations,Negative
The product is functional but lacks some features.,Neutral,Amazon,Sneha Patel,U1200,product functional lacks features,Neutral
"I am disappointed, it did not meet my expectations.",Negative,Amazon,Raj Verma,U1201,disappointed meet expectations,Negative
"I am disappointed, it did not meet my expectations.",Negative,Amazon,Neha Gupta,U1202,disappointed meet expectations,Negative
Customer service was unhelpful and rude.,Negative,Flipkart,Neha Gupta,U1203,customer service unhelpful rude,Negative
Item arrived late and was damaged.,Negative,Amazon,Vikram Joshi,U1204,item arrived late damaged,Negative
"I am disappointed, it did not meet my expectations.",Negative,Amazon,Priya Sharma,U1205,disappointed meet expectations,Negative
The product is functional but lacks some features.,Neutral,Flipkart,Karan Mehta,U1206,product functional lacks features,Neutral
"I am disappointed, it did not meet my expectations.",Negative,Flipkart,Arjun Singh,U1207,disappointed meet expectations,Negative
The item arrived on time and in perfect condition.,Positive,Flipkart,Karan Mehta,U1208,item arrived time perfect condition,Positive
The product exceeded my expectations and works flawlessly.,Positive,Flipkart,Arjun Singh,U1209,product exceeded expectations works flawlessly,Positive
The product stopped working after a few days.,Negative,Amazon,Neha Gupta,U1210,product stopped working days,Neutral
"I am very satisfied with my purchase, highly recommend.",Positive,Flipkart,Raj Verma,U1211,satisfied purchase highly recommend,Positive
The item arrived on time and in perfect condition.,Positive,Flipkart,Ananya Roy,U1212,item arrived time perfect condition,Positive
The product stopped working after a few days.,Negative,Flipkart,Neha Gupta,U1213,product stopped working days,Neutral
Item arrived late and was damaged.,Negative,Amazon,Neha Gupta,U1214,item arrived late damaged,Negative
"Amazing quality, totally worth the price.",Positive,Flipkart,Priya Sharma,U1215,amazing quality totally worth price,Positive
The product is functional but lacks some features.,Neutral,Amazon,Ananya Roy,U1216,product functional lacks features,Neutral
The item arrived on time and in perfect condition.,Positive,Amazon,Karan Mehta,U1217,item arrived time perfect condition,Positive
The product stopped working after a few days.,Negative,Flipkart,Vikram Joshi,U1218,product stopped working days,Neutral
"Very poor quality, not worth the money.",Negative,Flipkart,Vikram Joshi,U1219,poor quality worth money,Negative
The item arrived on time and in perfect condition.,Positive,Flipkart,Sneha Patel,U1220,item arrived time perfect condition,Positive
The product exceeded my expectations and works flawlessly.,Positive,Amazon,Vikram Joshi,U1221,product exceeded expectations works flawlessly,Positive
The product stopped working after a few days.,Negative,Flipkart,Sneha Patel,U1222,product stopped working days,Neutral
The product exceeded my expectations and works flawlessly.,Positive,Amazon,Arjun Singh,U1223,product exceeded expectations works flawlessly,Positive
"The experience was average, not bad.",Neutral,Flipkart,Arjun Singh,U1224,experience average bad,Negative
"Very poor quality, not worth the money.",Negative,Amazon,Raj Verma,U1225,poor quality worth money,Negative
The product exceeded my expectations and works flawlessly.,Positive,Flipkart,Neha Gupta,U1226,product exceeded expectations works flawlessly,Positive
"It works as described, no major issues.",Neutral,Amazon,Vikram Joshi,U1227,works described major issues,Positive
Excellent customer service and great product.,Positive,Amazon,Ananya Roy,U1228,excellent customer service great product,Positive
"It works as described, no major issues.",Neutral,Flipkart,Priya Sharma,U1229,works described major issues,Positive
"It works as described, no major issues.",Neutral,Amazon,Karan Mehta,U1230,works described major issues,Positive
The product stopped working after a few days.,Negative,Amazon,Priya Sharma,U1231,product stopped working days,Neutral
"I am disappointed, it did not meet my expectations.",Negative,Amazon,Sneha Patel,U1232,disappointed meet expectations,Negative
"I am disappointed, it did not meet my expectations.",Negative,Amazon,Raj Verma,U1233,disappointed meet expectations,Negative
"The experience was average, not bad.",Neutral,Flipkart,Ananya Roy,U1234,experience average bad,Negative
"I am very satisfied with my purchase, highly recommend.",Positive,Flipkart,Vikram Joshi,U1235,satisfied purchase highly recommend,Positive
"Very poor quality, not worth the money.",Negative,Amazon,Karan Mehta,U1236,poor quality worth money,Negative
"I am disappointed, it did not meet my expectations.",Negative,Amazon,Arjun Singh,U1237,disappointed meet expectations,Negative
The product stopped working after a few days.,Negative,Flipkart,Priya Sharma,U1238,product stopped working days,Neutral
The product exceeded my expectations and works flawlessly.,Positive,Amazon,Ananya Roy,U1239,product exceeded expectations works flawlessly,Positive
"The product is okay, nothing special.",Neutral,Amazon,Arjun Singh,U1240,product okay nothing special,Positive
"I am very satisfied with my purchase, highly recommend.",Positive,Amazon,Raj Verma,U1241,satisfied purchase highly recommend,Positive
The product exceeded my expectations and works flawlessly.,Positive,Amazon,Sneha Patel,U1242,product exceeded expectations works flawlessly,Positive
"Amazing quality, totally worth the price.",Positive,Amazon,Priya Sharma,U1243,amazing quality totally worth price,Positive
"The experience was average, not bad.",Neutral,Flipkart,Ananya Roy,U1244,experience average bad,Negative
The product exceeded my expectations and works flawlessly.,Positive,Flipkart,Neha Gupta,U1245,product exceeded expectations works flawlessly,Positive
The product is functional but lacks some features.,Neutral,Amazon,Karan Mehta,U1246,product functional lacks features,Neutral
The product exceeded my expectations and works flawlessly.,Positive,Flipkart,Karan Mehta,U1247,product exceeded expectations works flawlessly,Positive
"The product is okay, nothing special.",Neutral,Amazon,Neha Gupta,U1248,product okay nothing special,Positive
"Delivery was on time, but packaging could be better.",Neutral,Flipkart,Arjun Singh,U1249,delivery time packaging could better,Positive
Customer service was unhelpful and rude.,Negative,Flipkart,Vikram Joshi,U1250,customer service unhelpful rude,Negative
The item arrived on time and in perfect condition.,Positive,Amazon,Arjun Singh,U1251,item arrived time perfect condition,Positive
"Very poor quality, not worth the money.",Negative,Amazon,Arjun Singh,U1252,poor quality worth money,Negative
"I am disappointed, it did not meet my expectations.",Negative,Flipkart,Karan Mehta,U1253,disappointed meet expectations,Negative
Item arrived late and was damaged.,Negative,Amazon,Arjun Singh,U1254,item arrived late damaged,Negative
The product stopped working after a few days.,Negative,Amazon,Ananya Roy,U1255,product stopped working days,Neutral
"Amazing quality, totally worth the price.",Positive,Amazon,Ananya Roy,U1256,amazing quality totally worth price,Positive
"It works as described, no major issues.",Neutral,Amazon,Arjun Singh,U1257,works described major issues,Positive
The product exceeded my expectations and works flawlessly.,Positive,Flipkart,Vikram Joshi,U1258,product exceeded expectations works flawlessly,Positive
"It works as described, no major issues.",Neutral,Flipkart,Raj Verma,U1259,works described major issues,Positive
"Delivery was on time, but packaging could be better.",Neutral,Flipkart,Karan Mehta,U1260,delivery time packaging could better,Positive
"The product is okay, nothing special.",Neutral,Flipkart,Vikram Joshi,U1261,product okay nothing special,Positive
"I am disappointed, it did not meet my expectations.",Negative,Flipkart,Vikram Joshi,U1262,disappointed meet expectations,Negative
"Amazing quality, totally worth the price.",Positive,Amazon,Karan Mehta,U1263,amazing quality totally worth price,Positive
"The experience was average, not bad.",Neutral,Flipkart,Vikram Joshi,U1264,experience average bad,Negative
Item arrived late and was damaged.,Negative,Amazon,Karan Mehta,U1265,item arrived late damaged,Negative
"Amazing quality, totally worth the price.",Positive,Flipkart,Priya Sharma,U1266,amazing quality totally worth price,Positive
"Very poor quality, not worth the money.",Negative,Amazon,Karan Mehta,U1267,poor quality worth money,Negative
"The product is okay, nothing special.",Neutral,Flipkart,Neha Gupta,U1268,product okay nothing special,Positive
"I am very satisfied with my purchase, highly recommend.",Positive,Flipkart,Vikram Joshi,U1269,satisfied purchase highly recommend,Positive
"Very poor quality, not worth the money.",Negative,Flipkart,Priya Sharma,U1270,poor quality worth money,Negative
Excellent customer service and great product.,Positive,Flipkart,Neha Gupta,U1271,excellent customer service great product,Positive
"Very poor quality, not worth the money.",Negative,Amazon,Raj Verma,U1272,poor quality worth money,Negative
"The product is okay, nothing special.",Neutral,Flipkart,Raj Verma,U1273,product okay nothing special,Positive
"The experience was average, not bad.",Neutral,Amazon,Vikram Joshi,U1274,experience average bad,Negative
Item arrived late and was damaged.,Negative,Flipkart,Priya Sharma,U1275,item arrived late damaged,Negative
"I am disappointed, it did not meet my expectations.",Negative,Flipkart,Neha Gupta,U1276,disappointed meet expectations,Negative
"The product is okay, nothing special.",Neutral,Amazon,Ananya Roy,U1277,product okay nothing special,Positive
The product is functional but lacks some features.,Neutral,Amazon,Sneha Patel,U1278,product functional lacks features,Neutral
"I am very satisfied with my purchase, highly recommend.",Positive,Amazon,Neha Gupta,U1279,satisfied purchase highly recommend,Positive
"The product is okay, nothing special.",Neutral,Flipkart,Karan Mehta,U1280,product okay nothing special,Positive
Customer service was unhelpful and rude.,Negative,Amazon,Arjun Singh,U1281,customer service unhelpful rude,Negative
"I am very satisfied with my purchase, highly recommend.",Positive,Flipkart,Arjun Singh,U1282,satisfied purchase highly recommend,Positive
Excellent customer service and great product.,Positive,Amazon,Karan Mehta,U1283,excellent customer service great product,Positive
Customer service was unhelpful and rude.,Negative,Flipkart,Karan Mehta,U1284,customer service unhelpful rude,Negative
"I am very satisfied with my purchase, highly recommend.",Positive,Flipkart,Raj Verma,U1285,satisfied purchase highly recommend,Positive
The item arrived on time and in perfect condition.,Positive,Amazon,Arjun Singh,U1286,item arrived time perfect condition,Positive
"It works as described, no major issues.",Neutral,Amazon,Ananya Roy,U1287,works described major issues,Positive
The product stopped working after a few days.,Negative,Amazon,Vikram Joshi,U1288,product stopped working days,Neutral
The product stopped working after a few days.,Negative,Amazon,Arjun Singh,U1289,product stopped working days,Neutral
"The experience was average, not bad.",Neutral,Flipkart,Priya Sharma,U1290,experience average bad,Negative
"Very poor quality, not worth the money.",Negative,Amazon,Vikram Joshi,U1291,poor quality worth money,Negative
"It works as described, no major issues.",Neutral,Flipkart,Neha Gupta,U1292,works described major issues,Positive
Excellent customer service and great product.,Positive,Flipkart,Neha Gupta,U1293,excellent customer service great product,Positive
Customer service was unhelpful and rude.,Negative,Flipkart,Priya Sharma,U1294,customer service unhelpful rude,Negative
Excellent customer service and great product.,Positive,Amazon,Karan Mehta,U1295,excellent customer service great product,Positive
"The experience was average, not bad.",Neutral,Amazon,Ananya Roy,U1296,experience average bad,Negative
The product is functional but lacks some features.,Neutral,Flipkart,Arjun Singh,U1297,product functional lacks features,Neutral
Excellent customer service and great product.,Positive,Amazon,Neha Gupta,U1298,excellent customer service great product,Positive
The item arrived on time and in perfect condition.,Positive,Flipkart,Raj Verma,U1299,item arrived time perfect condition,Positive
"The experience was average, not bad.",Neutral,Amazon,Arjun Singh,U1300,experience average bad,Negative
Excellent customer service and great product.,Positive,Flipkart,Neha Gupta,U1301,excellent customer service great product,Positive
The product is functional but lacks some features.,Neutral,Amazon,Priya Sharma,U1302,product functional lacks features,Neutral
The item arrived on time and in perfect condition.,Positive,Amazon,Karan Mehta,U1303,item arrived time perfect condition,Positive
"The experience was average, not bad.",Neutral,Flipkart,Vikram Joshi,U1304,experience average bad,Negative
The item arrived on time and in perfect condition.,Positive,Amazon,Raj Verma,U1305,item arrived time perfect condition,Positive
"The experience was average, not bad.",Neutral,Flipkart,Sneha Patel,U1306,experience average bad,Negative
"The experience was average, not bad.",Neutral,Amazon,Arjun Singh,U1307,experience average bad,Negative
"Delivery was on time, but packaging could be better.",Neutral,Flipkart,Priya Sharma,U1308,delivery time packaging could better,Positive
"It works as described, no major issues.",Neutral,Amazon,Neha Gupta,U1309,works described major issues,Positive
"I am very satisfied with my purchase, highly recommend.",Positive,Flipkart,Raj Verma,U1310,satisfied purchase highly recommend,Positive
"Very poor quality, not worth the money.",Negative,Amazon,Priya Sharma,U1311,poor quality worth money,Negative
"It works as described, no major issues.",Neutral,Flipkart,Priya Sharma,U1312,works described major issues,Positive
Excellent customer service and great product.,Positive,Flipkart,Priya Sharma,U1313,excellent customer service great product,Positive
"The product is okay, nothing special.",Neutral,Flipkart,Karan Mehta,U1314,product okay nothing special,Positive
The product is functional but lacks some features.,Neutral,Flipkart,Arjun Singh,U1315,product functional lacks features,Neutral
"Amazing quality, totally worth the price.",Positive,Amazon,Priya Sharma,U1316,amazing quality totally worth price,Positive
"The product is okay, nothing special.",Neutral,Amazon,Neha Gupta,U1317,product okay nothing special,Positive
Excellent customer service and great product.,Positive,Amazon,Sneha Patel,U1318,excellent customer service great product,Positive
"The product is okay, nothing special.",Neutral,Flipkart,Sneha Patel,U1319,product okay nothing special,Positive
"The product is okay, nothing special.",Neutral,Amazon,Priya Sharma,U1320,product okay nothing special,Positive
The product is functional but lacks some features.,Neutral,Flipkart,Arjun Singh,U1321,product functional lacks features,Neutral
"I am disappointed, it did not meet my expectations.",Negative,Flipkart,Neha Gupta,U1322,disappointed meet expectations,Negative
"The experience was average, not bad.",Neutral,Flipkart,Vikram Joshi,U1323,experience average bad,Negative
"I am disappointed, it did not meet my expectations.",Negative,Amazon,Neha Gupta,U1324,disappointed meet expectations,Negative
"I am very satisfied with my purchase, highly recommend.",Positive,Amazon,Sneha Patel,U1325,satisfied purchase highly recommend,Positive
The item arrived on time and in perfect condition.,Positive,Amazon,Vikram Joshi,U1326,item arrived time perfect condition,Positive
"It works as described, no major issues.",Neutral,Amazon,Neha Gupta,U1327,works described major issues,Positive
"Very poor quality, not worth the money.",Negative,Amazon,Raj Verma,U1328,poor quality worth money,Negative
"The product is okay, nothing special.",Neutral,Flipkart,Priya Sharma,U1329,product okay nothing special,Positive
Item arrived late and was damaged.,Negative,Flipkart,Vikram Joshi,U1330,item arrived late damaged,Negative
"Delivery was on time, but packaging could be better.",Neutral,Amazon,Ananya Roy,U1331,delivery time packaging could better,Positive
The product stopped working after a few days.,Negative,Flipkart,Priya Sharma,U1332,product stopped working days,Neutral
"I am very satisfied with my purchase, highly recommend.",Positive,Flipkart,Ananya Roy,U1333,satisfied purchase highly recommend,Positive
"I am very satisfied with my purchase, highly recommend.",Positive,Amazon,Raj Verma,U1334,satisfied purchase highly recommend,Positive
"Very poor quality, not worth the money.",Negative,Amazon,Raj Verma,U1335,poor quality worth money,Negative
Excellent customer service and great product.,Positive,Amazon,Ananya Roy,U1336,excellent customer service great product,Positive
The product is functional but lacks some features.,Neutral,Amazon,Raj Verma,U1337,product functional lacks features,Neutral
Excellent customer service and great product.,Positive,Amazon,Sneha Patel,U1338,excellent customer service great product,Positive
"I am disappointed, it did not meet my expectations.",Negative,Flipkart,Sneha Patel,U1339,disappointed meet expectations,Negative
The product is functional but lacks some features.,Neutral,Flipkart,Arjun Singh,U1340,product functional lacks features,Neutral
The item arrived on time and in perfect condition.,Positive,Amazon,Raj Verma,U1341,item arrived time perfect condition,Positive
Excellent customer service and great product.,Positive,Flipkart,Karan Mehta,U1342,excellent customer service great product,Positive
The item arrived on time and in perfect condition.,Positive,Flipkart,Priya Sharma,U1343,item arrived time perfect condition,Positive
"It works as described, no major issues.",Neutral,Amazon,Neha Gupta,U1344,works described major issues,Positive
"I am disappointed, it did not meet my expectations.",Negative,Flipkart,Sneha Patel,U1345,disappointed meet expectations,Negative
The product exceeded my expectations and works flawlessly.,Positive,Flipkart,Sneha Patel,U1346,product exceeded expectations works flawlessly,Positive
"It works as described, no major issues.",Neutral,Flipkart,Karan Mehta,U1347,works described major issues,Positive
"Delivery was on time, but packaging could be better.",Neutral,Flipkart,Neha Gupta,U1348,delivery time packaging could better,Positive
"Delivery was on time, but packaging could be better.",Neutral,Flipkart,Sneha Patel,U1349,delivery time packaging could better,Positive
"Very poor quality, not worth the money.",Negative,Amazon,Sneha Patel,U1350,poor quality worth money,Negative
"The product is okay, nothing special.",Neutral,Flipkart,Vikram Joshi,U1351,product okay nothing special,Positive
"I am very satisfied with my purchase, highly recommend.",Positive,Flipkart,Vikram Joshi,U1352,satisfied purchase highly recommend,Positive
"It works as described, no major issues.",Neutral,Flipkart,Neha Gupta,U1353,works described major issues,Positive
"I am very satisfied with my purchase, highly recommend.",Positive,Flipkart,Raj Verma,U1354,satisfied purchase highly recommend,Positive
The item arrived on time and in perfect condition.,Positive,Amazon,Sneha Patel,U1355,item arrived time perfect condition,Positive
Excellent customer service and great product.,Positive,Amazon,Priya Sharma,U1356,excellent customer service great product,Positive
"Very poor quality, not worth the money.",Negative,Amazon,Sneha Patel,U1357,poor quality worth money,Negative
"I am disappointed, it did not meet my expectations.",Negative,Amazon,Arjun Singh,U1358,disappointed meet expectations,Negative
"I am disappointed, it did not meet my expectations.",Negative,Flipkart,Raj Verma,U1359,disappointed meet expectations,Negative
"Amazing quality, totally worth the price.",Positive,Amazon,Neha Gupta,U1360,amazing quality totally worth price,Positive
Customer service was unhelpful and rude.,Negative,Flipkart,Karan Mehta,U1361,customer service unhelpful rude,Negative
"I am very satisfied with my purchase, highly recommend.",Positive,Amazon,Ananya Roy,U1362,satisfied purchase highly recommend,Positive
"Very poor quality, not worth the money.",Negative,Amazon,Priya Sharma,U1363,poor quality worth money,Negative
Customer service was unhelpful and rude.,Negative,Amazon,Sneha Patel,U1364,customer service unhelpful rude,Negative
Customer service was unhelpful and rude.,Negative,Flipkart,Neha Gupta,U1365,customer service unhelpful rude,Negative
"The experience was average, not bad.",Neutral,Flipkart,Raj Verma,U1366,experience average bad,Negative
"The experience was average, not bad.",Neutral,Amazon,Vikram Joshi,U1367,experience average bad,Negative
"I am disappointed, it did not meet my expectations.",Negative,Amazon,Vikram Joshi,U1368,disappointed meet expectations,Negative
Customer service was unhelpful and rude.,Negative,Amazon,Karan Mehta,U1369,customer service unhelpful rude,Negative
"The product is okay, nothing special.",Neutral,Amazon,Arjun Singh,U1370,product okay nothing special,Positive
"It works as described, no major issues.",Neutral,Flipkart,Priya Sharma,U1371,works described major issues,Positive
"It works as described, no major issues.",Neutral,Flipkart,Vikram Joshi,U1372,works described major issues,Positive
"I am very satisfied with my purchase, highly recommend.",Positive,Amazon,Vikram Joshi,U1373,satisfied purchase highly recommend,Positive
The product exceeded my expectations and works flawlessly.,Positive,Flipkart,Vikram Joshi,U1374,product exceeded expectations works flawlessly,Positive
"It works as described, no major issues.",Neutral,Flipkart,Arjun Singh,U1375,works described major issues,Positive
The product stopped working after a few days.,Negative,Flipkart,Ananya Roy,U1376,product stopped working days,Neutral
"Delivery was on time, but packaging could be better.",Neutral,Amazon,Priya Sharma,U1377,delivery time packaging could better,Positive
"Delivery was on time, but packaging could be better.",Neutral,Flipkart,Neha Gupta,U1378,delivery time packaging could better,Positive
Customer service was unhelpful and rude.,Negative,Flipkart,Neha Gupta,U1379,customer service unhelpful rude,Negative
The product stopped working after a few days.,Negative,Amazon,Arjun Singh,U1380,product stopped working days,Neutral
"It works as described, no major issues.",Neutral,Amazon,Raj Verma,U1381,works described major issues,Positive
The item arrived on time and in perfect condition.,Positive,Flipkart,Karan Mehta,U1382,item arrived time perfect condition,Positive
"I am disappointed, it did not meet my expectations.",Negative,Flipkart,Karan Mehta,U1383,disappointed meet expectations,Negative
Excellent customer service and great product.,Positive,Amazon,Neha Gupta,U1384,excellent customer service great product,Positive
"It works as described, no major issues.",Neutral,Amazon,Karan Mehta,U1385,works described major issues,Positive
The product stopped working after a few days.,Negative,Amazon,Neha Gupta,U1386,product stopped working days,Neutral
Customer service was unhelpful and rude.,Negative,Amazon,Raj Verma,U1387,customer service unhelpful rude,Negative
"I am disappointed, it did not meet my expectations.",Negative,Amazon,Sneha Patel,U1388,disappointed meet expectations,Negative
The item arrived on time and in perfect condition.,Positive,Amazon,Neha Gupta,U1389,item arrived time perfect condition,Positive
The product stopped working after a few days.,Negative,Flipkart,Priya Sharma,U1390,product stopped working days,Neutral
"Delivery was on time, but packaging could be better.",Neutral,Flipkart,Vikram Joshi,U1391,delivery time packaging could better,Positive
"The experience was average, not bad.",Neutral,Amazon,Neha Gupta,U1392,experience average bad,Negative
The item arrived on time and in perfect condition.,Positive,Amazon,Raj Verma,U1393,item arrived time perfect condition,Positive
"I am disappointed, it did not meet my expectations.",Negative,Amazon,Sneha Patel,U1394,disappointed meet expectations,Negative
"Amazing quality, totally worth the price.",Positive,Amazon,Priya Sharma,U1395,amazing quality totally worth price,Positive
"Amazing quality, totally worth the price.",Positive,Amazon,Arjun Singh,U1396,amazing quality totally worth price,Positive
"The experience was average, not bad.",Neutral,Flipkart,Neha Gupta,U1397,experience average bad,Negative
"The product is okay, nothing special.",Neutral,Amazon,Raj Verma,U1398,product okay nothing special,Positive
Item arrived late and was damaged.,Negative,Flipkart,Arjun Singh,U1399,item arrived late damaged,Negative
"The product is okay, nothing special.",Neutral,Amazon,Vikram Joshi,U1400,product okay nothing special,Positive
Item arrived late and was damaged.,Negative,Amazon,Arjun Singh,U1401,item arrived late damaged,Negative
"Very poor quality, not worth the money.",Negative,Flipkart,Karan Mehta,U1402,poor quality worth money,Negative
Item arrived late and was damaged.,Negative,Flipkart,Priya Sharma,U1403,item arrived late damaged,Negative
"I am very satisfied with my purchase, highly recommend.",Positive,Amazon,Raj Verma,U1404,satisfied purchase highly recommend,Positive
Item arrived late and was damaged.,Negative,Amazon,Neha Gupta,U1405,item arrived late damaged,Negative
The product is functional but lacks some features.,Neutral,Amazon,Raj Verma,U1406,product functional lacks features,Neutral
Excellent customer service and great product.,Positive,Amazon,Sneha Patel,U1407,excellent customer service great product,Positive
The product is functional but lacks some features.,Neutral,Flipkart,Arjun Singh,U1408,product functional lacks features,Neutral
Item arrived late and was damaged.,Negative,Amazon,Ananya Roy,U1409,item arrived late damaged,Negative
"Amazing quality, totally worth the price.",Positive,Flipkart,Vikram Joshi,U1410,amazing quality totally worth price,Positive
"Amazing quality, totally worth the price.",Positive,Amazon,Karan Mehta,U1411,amazing quality totally worth price,Positive
The product stopped working after a few days.,Negative,Flipkart,Raj Verma,U1412,product stopped working days,Neutral
The product is functional but lacks some features.,Neutral,Amazon,Sneha Patel,U1413,product functional lacks features,Neutral
"Delivery was on time, but packaging could be better.",Neutral,Amazon,Arjun Singh,U1414,delivery time packaging could better,Positive
The item arrived on time and in perfect condition.,Positive,Flipkart,Priya Sharma,U1415,item arrived time perfect condition,Positive
"Amazing quality, totally worth the price.",Positive,Flipkart,Neha Gupta,U1416,amazing quality totally worth price,Positive
"Delivery was on time, but packaging could be better.",Neutral,Amazon,Arjun Singh,U1417,delivery time packaging could better,Positive
The product is functional but lacks some features.,Neutral,Flipkart,Neha Gupta,U1418,product functional lacks features,Neutral
"Delivery was on time, but packaging could be better.",Neutral,Amazon,Sneha Patel,U1419,delivery time packaging could better,Positive
Excellent customer service and great product.,Positive,Amazon,Priya Sharma,U1420,excellent customer service great product,Positive
"Delivery was on time, but packaging could be better.",Neutral,Flipkart,Sneha Patel,U1421,delivery time packaging could better,Positive
"Delivery was on time, but packaging could be better.",Neutral,Amazon,Ananya Roy,U1422,delivery time packaging could better,Positive
The product is functional but lacks some features.,Neutral,Amazon,Ananya Roy,U1423,product functional lacks features,Neutral
Item arrived late and was damaged.,Negative,Flipkart,Priya Sharma,U1424,item arrived late damaged,Negative
Customer service was unhelpful and rude.,Negative,Amazon,Raj Verma,U1425,customer service unhelpful rude,Negative
"The product is okay, nothing special.",Neutral,Flipkart,Ananya Roy,U1426,product okay nothing special,Positive
"Delivery was on time, but packaging could be better.",Neutral,Flipkart,Vikram Joshi,U1427,delivery time packaging could better,Positive
Excellent customer service and great product.,Positive,Amazon,Arjun Singh,U1428,excellent customer service great product,Positive
The product stopped working after a few days.,Negative,Flipkart,Ananya Roy,U1429,product stopped working days,Neutral
Item arrived late and was damaged.,Negative,Amazon,Priya Sharma,U1430,item arrived late damaged,Negative
The product stopped working after a few days.,Negative,Flipkart,Vikram Joshi,U1431,product stopped working days,Neutral
The item arrived on time and in perfect condition.,Positive,Flipkart,Karan Mehta,U1432,item arrived time perfect condition,Positive
"The product is okay, nothing special.",Neutral,Flipkart,Sneha Patel,U1433,product okay nothing special,Positive
Excellent customer service and great product.,Positive,Flipkart,Arjun Singh,U1434,excellent customer service great product,Positive
"I am very satisfied with my purchase, highly recommend.",Positive,Amazon,Karan Mehta,U1435,satisfied purchase highly recommend,Positive
"The product is okay, nothing special.",Neutral,Amazon,Karan Mehta,U1436,product okay nothing special,Positive
"Very poor quality, not worth the money.",Negative,Amazon,Neha Gupta,U1437,poor quality worth money,Negative
The product exceeded my expectations and works flawlessly.,Positive,Flipkart,Raj Verma,U1438,product exceeded expectations works flawlessly,Positive
"I am very satisfied with my purchase, highly recommend.",Positive,Flipkart,Raj Verma,U1439,satisfied purchase highly recommend,Positive
"The experience was average, not bad.",Neutral,Flipkart,Vikram Joshi,U1440,experience average bad,Negative
The product exceeded my expectations and works flawlessly.,Positive,Flipkart,Sneha Patel,U1441,product exceeded expectations works flawlessly,Positive
"The product is okay, nothing special.",Neutral,Amazon,Sneha Patel,U1442,product okay nothing special,Positive
"Amazing quality, totally worth the price.",Positive,Flipkart,Arjun Singh,U1443,amazing quality totally worth price,Positive
Customer service was unhelpful and rude.,Negative,Flipkart,Sneha Patel,U1444,customer service unhelpful rude,Negative
"Amazing quality, totally worth the price.",Positive,Flipkart,Priya Sharma,U1445,amazing quality totally worth price,Positive
"I am disappointed, it did not meet my expectations.",Negative,Amazon,Arjun Singh,U1446,disappointed meet expectations,Negative
"It works as described, no major issues.",Neutral,Flipkart,Priya Sharma,U1447,works described major issues,Positive
The product exceeded my expectations and works flawlessly.,Positive,Flipkart,Raj Verma,U1448,product exceeded expectations works flawlessly,Positive
Item arrived late and was damaged.,Negative,Flipkart,Raj Verma,U1449,item arrived late damaged,Negative
"Amazing quality, totally worth the price.",Positive,Amazon,Vikram Joshi,U1450,amazing quality totally worth price,Positive
"I am disappointed, it did not meet my expectations.",Negative,Amazon,Raj Verma,U1451,disappointed meet expectations,Negative
The product exceeded my expectations and works flawlessly.,Positive,Flipkart,Priya Sharma,U1452,product exceeded expectations works flawlessly,Positive
The product stopped working after a few days.,Negative,Amazon,Neha Gupta,U1453,product stopped working days,Neutral
Excellent customer service and great product.,Positive,Amazon,Raj Verma,U1454,excellent customer service great product,Positive
"Amazing quality, totally worth the price.",Positive,Flipkart,Vikram Joshi,U1455,amazing quality totally worth price,Positive
Item arrived late and was damaged.,Negative,Flipkart,Raj Verma,U1456,item arrived late damaged,Negative
"I am disappointed, it did not meet my expectations.",Negative,Flipkart,Neha Gupta,U1457,disappointed meet expectations,Negative
"It works as described, no major issues.",Neutral,Amazon,Ananya Roy,U1458,works described major issues,Positive
Excellent customer service and great product.,Positive,Amazon,Ananya Roy,U1459,excellent customer service great product,Positive
Excellent customer service and great product.,Positive,Amazon,Karan Mehta,U1460,excellent customer service great product,Positive
"Very poor quality, not worth the money.",Negative,Flipkart,Sneha Patel,U1461,poor quality worth money,Negative
"The experience was average, not bad.",Neutral,Amazon,Priya Sharma,U1462,experience average bad,Negative
Customer service was unhelpful and rude.,Negative,Flipkart,Neha Gupta,U1463,customer service unhelpful rude,Negative
Excellent customer service and great product.,Positive,Flipkart,Raj Verma,U1464,excellent customer service great product,Positive
"I am very satisfied with my purchase, highly recommend.",Positive,Amazon,Neha Gupta,U1465,satisfied purchase highly recommend,Positive
The product is functional but lacks some features.,Neutral,Flipkart,Karan Mehta,U1466,product functional lacks features,Neutral
"I am disappointed, it did not meet my expectations.",Negative,Flipkart,Karan Mehta,U1467,disappointed meet expectations,Negative
"Delivery was on time, but packaging could be better.",Neutral,Flipkart,Neha Gupta,U1468,delivery time packaging could better,Positive
"It works as described, no major issues.",Neutral,Flipkart,Vikram Joshi,U1469,works described major issues,Positive
"Very poor quality, not worth the money.",Negative,Amazon,Ananya Roy,U1470,poor quality worth money,Negative
"Very poor quality, not worth the money.",Negative,Amazon,Raj Verma,U1471,poor quality worth money,Negative
The product exceeded my expectations and works flawlessly.,Positive,Flipkart,Karan Mehta,U1472,product exceeded expectations works flawlessly,Positive
"Amazing quality, totally worth the price.",Positive,Flipkart,Arjun Singh,U1473,amazing quality totally worth price,Positive
The product exceeded my expectations and works flawlessly.,Positive,Amazon,Arjun Singh,U1474,product exceeded expectations works flawlessly,Positive
"Delivery was on time, but packaging could be better.",Neutral,Flipkart,Vikram Joshi,U1475,delivery time packaging could better,Positive
"Amazing quality, totally worth the price.",Positive,Flipkart,Karan Mehta,U1476,amazing quality totally worth price,Positive
"Very poor quality, not worth the money.",Negative,Amazon,Ananya Roy,U1477,poor quality worth money,Negative
"It works as described, no major issues.",Neutral,Flipkart,Karan Mehta,U1478,works described major issues,Positive
"It works as described, no major issues.",Neutral,Amazon,Priya Sharma,U1479,works described major issues,Positive
Item arrived late and was damaged.,Negative,Amazon,Karan Mehta,U1480,item arrived late damaged,Negative
"I am disappointed, it did not meet my expectations.",Negative,Flipkart,Ananya Roy,U1481,disappointed meet expectations,Negative
The product exceeded my expectations and works flawlessly.,Positive,Amazon,Neha Gupta,U1482,product exceeded expectations works flawlessly,Positive
The product is functional but lacks some features.,Neutral,Flipkart,Arjun Singh,U1483,product functional lacks features,Neutral
Excellent customer service and great product.,Positive,Flipkart,Priya Sharma,U1484,excellent customer service great product,Positive
The product stopped working after a few days.,Negative,Flipkart,Vikram Joshi,U1485,product stopped working days,Neutral
"I am disappointed, it did not meet my expectations.",Negative,Amazon,Priya Sharma,U1486,disappointed meet expectations,Negative
The product is functional but lacks some features.,Neutral,Flipkart,Karan Mehta,U1487,product functional lacks features,Neutral
The product exceeded my expectations and works flawlessly.,Positive,Flipkart,Raj Verma,U1488,product exceeded expectations works flawlessly,Positive
The product stopped working after a few days.,Negative,Flipkart,Priya Sharma,U1489,product stopped working days,Neutral
"Very poor quality, not worth the money.",Negative,Amazon,Arjun Singh,U1490,poor quality worth money,Negative
The product is functional but lacks some features.,Neutral,Amazon,Vikram Joshi,U1491,product functional lacks features,Neutral
"I am disappointed, it did not meet my expectations.",Negative,Amazon,Arjun Singh,U1492,disappointed meet expectations,Negative
"I am disappointed, it did not meet my expectations.",Negative,Flipkart,Karan Mehta,U1493,disappointed meet expectations,Negative
"I am disappointed, it did not meet my expectations.",Negative,Flipkart,Ananya Roy,U1494,disappointed meet expectations,Negative
"Very poor quality, not worth the money.",Negative,Amazon,Neha Gupta,U1495,poor quality worth money,Negative
"It works as described, no major issues.",Neutral,Flipkart,Arjun Singh,U1496,works described major issues,Positive
The product exceeded my expectations and works flawlessly.,Positive,Amazon,Vikram Joshi,U1497,product exceeded expectations works flawlessly,Positive
"Delivery was on time, but packaging could be better.",Neutral,Amazon,Raj Verma,U1498,delivery time packaging could better,Positive
Item arrived late and was damaged.,Negative,Flipkart,Sneha Patel,U1499,item arrived late damaged,Negative
The product is functional but lacks some features.,Neutral,Amazon,Neha Gupta,U1500,product functional lacks features,Neutral
"It works as described, no major issues.",Neutral,Amazon,Priya Sharma,U1501,works described major issues,Positive
Item arrived late and was damaged.,Negative,Amazon,Raj Verma,U1502,item arrived late damaged,Negative
The product exceeded my expectations and works flawlessly.,Positive,Amazon,Raj Verma,U1503,product exceeded expectations works flawlessly,Positive
Item arrived late and was damaged.,Negative,Amazon,Sneha Patel,U1504,item arrived late damaged,Negative
"Delivery was on time, but packaging could be better.",Neutral,Amazon,Priya Sharma,U1505,delivery time packaging could better,Positive
Item arrived late and was damaged.,Negative,Flipkart,Neha Gupta,U1506,item arrived late damaged,Negative
Excellent customer service and great product.,Positive,Amazon,Ananya Roy,U1507,excellent customer service great product,Positive
The product exceeded my expectations and works flawlessly.,Positive,Flipkart,Raj Verma,U1508,product exceeded expectations works flawlessly,Positive
"Amazing quality, totally worth the price.",Positive,Flipkart,Arjun Singh,U1509,amazing quality totally worth price,Positive
The item arrived on time and in perfect condition.,Positive,Amazon,Ananya Roy,U1510,item arrived time perfect condition,Positive
Excellent customer service and great product.,Positive,Amazon,Ananya Roy,U1511,excellent customer service great product,Positive
"Amazing quality, totally worth the price.",Positive,Flipkart,Priya Sharma,U1512,amazing quality totally worth price,Positive
"Very poor quality, not worth the money.",Negative,Amazon,Vikram Joshi,U1513,poor quality worth money,Negative
"It works as described, no major issues.",Neutral,Flipkart,Priya Sharma,U1514,works described major issues,Positive
Customer service was unhelpful and rude.,Negative,Flipkart,Raj Verma,U1515,customer service unhelpful rude,Negative
The product exceeded my expectations and works flawlessly.,Positive,Amazon,Vikram Joshi,U1516,product exceeded expectations works flawlessly,Positive
"I am very satisfied with my purchase, highly recommend.",Positive,Amazon,Vikram Joshi,U1517,satisfied purchase highly recommend,Positive
"The experience was average, not bad.",Neutral,Flipkart,Vikram Joshi,U1518,experience average bad,Negative
The product stopped working after a few days.,Negative,Amazon,Priya Sharma,U1519,product stopped working days,Neutral
"I am disappointed, it did not meet my expectations.",Negative,Amazon,Neha Gupta,U1520,disappointed meet expectations,Negative
"Amazing quality, totally worth the price.",Positive,Amazon,Vikram Joshi,U1521,amazing quality totally worth price,Positive
"It works as described, no major issues.",Neutral,Amazon,Karan Mehta,U1522,works described major issues,Positive
The product stopped working after a few days.,Negative,Amazon,Karan Mehta,U1523,product stopped working days,Neutral
"I am very satisfied with my purchase, highly recommend.",Positive,Flipkart,Vikram Joshi,U1524,satisfied purchase highly recommend,Positive
"The product is okay, nothing special.",Neutral,Amazon,Vikram Joshi,U1525,product okay nothing special,Positive
Excellent customer service and great product.,Positive,Flipkart,Priya Sharma,U1526,excellent customer service great product,Positive
"It works as described, no major issues.",Neutral,Amazon,Neha Gupta,U1527,works described major issues,Positive
"Amazing quality, totally worth the price.",Positive,Amazon,Sneha Patel,U1528,amazing quality totally worth price,Positive
Customer service was unhelpful and rude.,Negative,Amazon,Raj Verma,U1529,customer service unhelpful rude,Negative
"I am disappointed, it did not meet my expectations.",Negative,Flipkart,Karan Mehta,U1530,disappointed meet expectations,Negative
"Delivery was on time, but packaging could be better.",Neutral,Flipkart,Raj Verma,U1531,delivery time packaging could better,Positive
The product stopped working after a few days.,Negative,Flipkart,Karan Mehta,U1532,product stopped working days,Neutral
The product exceeded my expectations and works flawlessly.,Positive,Amazon,Neha Gupta,U1533,product exceeded expectations works flawlessly,Positive
Excellent customer service and great product.,Positive,Amazon,Priya Sharma,U1534,excellent customer service great product,Positive
"Amazing quality, totally worth the price.",Positive,Flipkart,Priya Sharma,U1535,amazing quality totally worth price,Positive
The item arrived on time and in perfect condition.,Positive,Amazon,Neha Gupta,U1536,item arrived time perfect condition,Positive
"It works as described, no major issues.",Neutral,Flipkart,Priya Sharma,U1537,works described major issues,Positive
"I am very satisfied with my purchase, highly recommend.",Positive,Amazon,Karan Mehta,U1538,satisfied purchase highly recommend,Positive
"The product is okay, nothing special.",Neutral,Flipkart,Ananya Roy,U1539,product okay nothing special,Positive
The product exceeded my expectations and works flawlessly.,Positive,Amazon,Ananya Roy,U1540,product exceeded expectations works flawlessly,Positive
"Very poor quality, not worth the money.",Negative,Amazon,Arjun Singh,U1541,poor quality worth money,Negative
"It works as described, no major issues.",Neutral,Amazon,Arjun Singh,U1542,works described major issues,Positive
The product stopped working after a few days.,Negative,Amazon,Vikram Joshi,U1543,product stopped working days,Neutral
"I am disappointed, it did not meet my expectations.",Negative,Flipkart,Raj Verma,U1544,disappointed meet expectations,Negative
Item arrived late and was damaged.,Negative,Amazon,Ananya Roy,U1545,item arrived late damaged,Negative
"It works as described, no major issues.",Neutral,Flipkart,Raj Verma,U1546,works described major issues,Positive
"Amazing quality, totally worth the price.",Positive,Amazon,Vikram Joshi,U1547,amazing quality totally worth price,Positive
The item arrived on time and in perfect condition.,Positive,Flipkart,Sneha Patel,U1548,item arrived time perfect condition,Positive
"The experience was average, not bad.",Neutral,Amazon,Neha Gupta,U1549,experience average bad,Negative
The product stopped working after a few days.,Negative,Flipkart,Ananya Roy,U1550,product stopped working days,Neutral
"Amazing quality, totally worth the price.",Positive,Flipkart,Priya Sharma,U1551,amazing quality totally worth price,Positive
Excellent customer service and great product.,Positive,Flipkart,Neha Gupta,U1552,excellent customer service great product,Positive
The product stopped working after a few days.,Negative,Flipkart,Karan Mehta,U1553,product stopped working days,Neutral
The product stopped working after a few days.,Negative,Amazon,Vikram Joshi,U1554,product stopped working days,Neutral
The item arrived on time and in perfect condition.,Positive,Flipkart,Neha Gupta,U1555,item arrived time perfect condition,Positive
"Amazing quality, totally worth the price.",Positive,Flipkart,Karan Mehta,U1556,amazing quality totally worth price,Positive
Item arrived late and was damaged.,Negative,Flipkart,Karan Mehta,U1557,item arrived late damaged,Negative
Item arrived late and was damaged.,Negative,Amazon,Ananya Roy,U1558,item arrived late damaged,Negative
"Very poor quality, not worth the money.",Negative,Amazon,Arjun Singh,U1559,poor quality worth money,Negative
The product is functional but lacks some features.,Neutral,Flipkart,Karan Mehta,U1560,product functional lacks features,Neutral
"Delivery was on time, but packaging could be better.",Neutral,Flipkart,Raj Verma,U1561,delivery time packaging could better,Positive
"The product is okay, nothing special.",Neutral,Amazon,Ananya Roy,U1562,product okay nothing special,Positive
The product exceeded my expectations and works flawlessly.,Positive,Amazon,Vikram Joshi,U1563,product exceeded expectations works flawlessly,Positive
"It works as described, no major issues.",Neutral,Amazon,Sneha Patel,U1564,works described major issues,Positive
"I am disappointed, it did not meet my expectations.",Negative,Flipkart,Priya Sharma,U1565,disappointed meet expectations,Negative
"Amazing quality, totally worth the price.",Positive,Amazon,Priya Sharma,U1566,amazing quality totally worth price,Positive
"The experience was average, not bad.",Neutral,Amazon,Sneha Patel,U1567,experience average bad,Negative
Excellent customer service and great product.,Positive,Flipkart,Vikram Joshi,U1568,excellent customer service great product,Positive
"Delivery was on time, but packaging could be better.",Neutral,Amazon,Neha Gupta,U1569,delivery time packaging could better,Positive
"Delivery was on time, but packaging could be better.",Neutral,Flipkart,Arjun Singh,U1570,delivery time packaging could better,Positive
"I am disappointed, it did not meet my expectations.",Negative,Amazon,Vikram Joshi,U1571,disappointed meet expectations,Negative
Item arrived late and was damaged.,Negative,Flipkart,Arjun Singh,U1572,item arrived late damaged,Negative
Excellent customer service and great product.,Positive,Amazon,Vikram Joshi,U1573,excellent customer service great product,Positive
Excellent customer service and great product.,Positive,Amazon,Neha Gupta,U1574,excellent customer service great product,Positive
The product stopped working after a few days.,Negative,Flipkart,Ananya Roy,U1575,product stopped working days,Neutral
Item arrived late and was damaged.,Negative,Flipkart,Arjun Singh,U1576,item arrived late damaged,Negative
Excellent customer service and great product.,Positive,Amazon,Ananya Roy,U1577,excellent customer service great product,Positive
The item arrived on time and in perfect condition.,Positive,Amazon,Raj Verma,U1578,item arrived time perfect condition,Positive
Excellent customer service and great product.,Positive,Amazon,Arjun Singh,U1579,excellent customer service great product,Positive
The product stopped working after a few days.,Negative,Flipkart,Priya Sharma,U1580,product stopped working days,Neutral
Item arrived late and was damaged.,Negative,Amazon,Vikram Joshi,U1581,item arrived late damaged,Negative
"It works as described, no major issues.",Neutral,Amazon,Priya Sharma,U1582,works described major issues,Positive
"The experience was average, not bad.",Neutral,Amazon,Raj Verma,U1583,experience average bad,Negative
The product is functional but lacks some features.,Neutral,Amazon,Raj Verma,U1584,product functional lacks features,Neutral
Item arrived late and was damaged.,Negative,Flipkart,Priya Sharma,U1585,item arrived late damaged,Negative
"I am disappointed, it did not meet my expectations.",Negative,Amazon,Priya Sharma,U1586,disappointed meet expectations,Negative
The product exceeded my expectations and works flawlessly.,Positive,Amazon,Neha Gupta,U1587,product exceeded expectations works flawlessly,Positive
"Delivery was on time, but packaging could be better.",Neutral,Flipkart,Sneha Patel,U1588,delivery time packaging could better,Positive
"Delivery was on time, but packaging could be better.",Neutral,Amazon,Ananya Roy,U1589,delivery time packaging could better,Positive
Customer service was unhelpful and rude.,Negative,Amazon,Neha Gupta,U1590,customer service unhelpful rude,Negative
"The experience was average, not bad.",Neutral,Flipkart,Sneha Patel,U1591,experience average bad,Negative
"Delivery was on time, but packaging could be better.",Neutral,Amazon,Karan Mehta,U1592,delivery time packaging could better,Positive
"The experience was average, not bad.",Neutral,Amazon,Neha Gupta,U1593,experience average bad,Negative
"Delivery was on time, but packaging could be better.",Neutral,Flipkart,Arjun Singh,U1594,delivery time packaging could better,Positive
"Very poor quality, not worth the money.",Negative,Amazon,Priya Sharma,U1595,poor quality worth money,Negative
"The experience was average, not bad.",Neutral,Amazon,Sneha Patel,U1596,experience average bad,Negative
The item arrived on time and in perfect condition.,Positive,Flipkart,Priya Sharma,U1597,item arrived time perfect condition,Positive
"The product is okay, nothing special.",Neutral,Flipkart,Karan Mehta,U1598,product okay nothing special,Positive
The product stopped working after a few days.,Negative,Flipkart,Priya Sharma,U1599,product stopped working days,Neutral
"Amazing quality, totally worth the price.",Positive,Amazon,Priya Sharma,U1600,amazing quality totally worth price,Positive
"I am disappointed, it did not meet my expectations.",Negative,Amazon,Arjun Singh,U1601,disappointed meet expectations,Negative
The product exceeded my expectations and works flawlessly.,Positive,Flipkart,Arjun Singh,U1602,product exceeded expectations works flawlessly,Positive
"Amazing quality, totally worth the price.",Positive,Flipkart,Arjun Singh,U1603,amazing quality totally worth price,Positive
"The experience was average, not bad.",Neutral,Flipkart,Ananya Roy,U1604,experience average bad,Negative
"The experience was average, not bad.",Neutral,Flipkart,Arjun Singh,U1605,experience average bad,Negative
"Very poor quality, not worth the money.",Negative,Flipkart,Sneha Patel,U1606,poor quality worth money,Negative
"It works as described, no major issues.",Neutral,Flipkart,Sneha Patel,U1607,works described major issues,Positive
"Very poor quality, not worth the money.",Negative,Flipkart,Raj Verma,U1608,poor quality worth money,Negative
"The experience was average, not bad.",Neutral,Amazon,Neha Gupta,U1609,experience average bad,Negative
"Amazing quality, totally worth the price.",Positive,Flipkart,Karan Mehta,U1610,amazing quality totally worth price,Positive
"Delivery was on time, but packaging could be better.",Neutral,Amazon,Raj Verma,U1611,delivery time packaging could better,Positive
"I am very satisfied with my purchase, highly recommend.",Positive,Amazon,Arjun Singh,U1612,satisfied purchase highly recommend,Positive
"The experience was average, not bad.",Neutral,Amazon,Raj Verma,U1613,experience average bad,Negative
"I am very satisfied with my purchase, highly recommend.",Positive,Amazon,Raj Verma,U1614,satisfied purchase highly recommend,Positive
"The product is okay, nothing special.",Neutral,Flipkart,Vikram Joshi,U1615,product okay nothing special,Positive
Customer service was unhelpful and rude.,Negative,Flipkart,Ananya Roy,U1616,customer service unhelpful rude,Negative
The product exceeded my expectations and works flawlessly.,Positive,Flipkart,Neha Gupta,U1617,product exceeded expectations works flawlessly,Positive
The product is functional but lacks some features.,Neutral,Amazon,Sneha Patel,U1618,product functional lacks features,Neutral
Excellent customer service and great product.,Positive,Flipkart,Neha Gupta,U1619,excellent customer service great product,Positive
Excellent customer service and great product.,Positive,Flipkart,Neha Gupta,U1620,excellent customer service great product,Positive
"I am very satisfied with my purchase, highly recommend.",Positive,Amazon,Raj Verma,U1621,satisfied purchase highly recommend,Positive
Item arrived late and was damaged.,Negative,Flipkart,Vikram Joshi,U1622,item arrived late damaged,Negative
"The experience was average, not bad.",Neutral,Amazon,Arjun Singh,U1623,experience average bad,Negative
The product stopped working after a few days.,Negative,Amazon,Ananya Roy,U1624,product stopped working days,Neutral
"It works as described, no major issues.",Neutral,Flipkart,Neha Gupta,U1625,works described major issues,Positive
"It works as described, no major issues.",Neutral,Amazon,Priya Sharma,U1626,works described major issues,Positive
"I am very satisfied with my purchase, highly recommend.",Positive,Amazon,Neha Gupta,U1627,satisfied purchase highly recommend,Positive
"Very poor quality, not worth the money.",Negative,Flipkart,Raj Verma,U1628,poor quality worth money,Negative
"Amazing quality, totally worth the price.",Positive,Amazon,Vikram Joshi,U1629,amazing quality totally worth price,Positive
"I am disappointed, it did not meet my expectations.",Negative,Amazon,Sneha Patel,U1630,disappointed meet expectations,Negative
The item arrived on time and in perfect condition.,Positive,Amazon,Arjun Singh,U1631,item arrived time perfect condition,Positive
The product is functional but lacks some features.,Neutral,Flipkart,Vikram Joshi,U1632,product functional lacks features,Neutral
"Amazing quality, totally worth the price.",Positive,Flipkart,Raj Verma,U1633,amazing quality totally worth price,Positive
The item arrived on time and in perfect condition.,Positive,Amazon,Priya Sharma,U1634,item arrived time perfect condition,Positive
"I am very satisfied with my purchase, highly recommend.",Positive,Amazon,Priya Sharma,U1635,satisfied purchase highly recommend,Positive
The product stopped working after a few days.,Negative,Flipkart,Vikram Joshi,U1636,product stopped working days,Neutral
Item arrived late and was damaged.,Negative,Amazon,Karan Mehta,U1637,item arrived late damaged,Negative
"I am disappointed, it did not meet my expectations.",Negative,Amazon,Priya Sharma,U1638,disappointed meet expectations,Negative
"It works as described, no major issues.",Neutral,Flipkart,Arjun Singh,U1639,works described major issues,Positive
"I am disappointed, it did not meet my expectations.",Negative,Flipkart,Sneha Patel,U1640,disappointed meet expectations,Negative
"The product is okay, nothing special.",Neutral,Amazon,Ananya Roy,U1641,product okay nothing special,Positive
"Amazing quality, totally worth the price.",Positive,Flipkart,Vikram Joshi,U1642,amazing quality totally worth price,Positive
"I am disappointed, it did not meet my expectations.",Negative,Flipkart,Priya Sharma,U1643,disappointed meet expectations,Negative
"The experience was average, not bad.",Neutral,Flipkart,Ananya Roy,U1644,experience average bad,Negative
The product is functional but lacks some features.,Neutral,Flipkart,Ananya Roy,U1645,product functional lacks features,Neutral
"Delivery was on time, but packaging could be better.",Neutral,Flipkart,Ananya Roy,U1646,delivery time packaging could better,Positive
The product is functional but lacks some features.,Neutral,Flipkart,Arjun Singh,U1647,product functional lacks features,Neutral
"I am very satisfied with my purchase, highly recommend.",Positive,Flipkart,Vikram Joshi,U1648,satisfied purchase highly recommend,Positive
Customer service was unhelpful and rude.,Negative,Flipkart,Priya Sharma,U1649,customer service unhelpful rude,Negative
The product stopped working after a few days.,Negative,Amazon,Ananya Roy,U1650,product stopped working days,Neutral
The product stopped working after a few days.,Negative,Amazon,Karan Mehta,U1651,product stopped working days,Neutral
The product exceeded my expectations and works flawlessly.,Positive,Flipkart,Raj Verma,U1652,product exceeded expectations works flawlessly,Positive
"I am disappointed, it did not meet my expectations.",Negative,Flipkart,Neha Gupta,U1653,disappointed meet expectations,Negative
Item arrived late and was damaged.,Negative,Amazon,Raj Verma,U1654,item arrived late damaged,Negative
"Delivery was on time, but packaging could be better.",Neutral,Flipkart,Neha Gupta,U1655,delivery time packaging could better,Positive
"I am disappointed, it did not meet my expectations.",Negative,Flipkart,Raj Verma,U1656,disappointed meet expectations,Negative
"Delivery was on time, but packaging could be better.",Neutral,Flipkart,Raj Verma,U1657,delivery time packaging could better,Positive
"The experience was average, not bad.",Neutral,Flipkart,Vikram Joshi,U1658,experience average bad,Negative
"I am disappointed, it did not meet my expectations.",Negative,Flipkart,Karan Mehta,U1659,disappointed meet expectations,Negative
"I am very satisfied with my purchase, highly recommend.",Positive,Flipkart,Arjun Singh,U1660,satisfied purchase highly recommend,Positive
"Amazing quality, totally worth the price.",Positive,Amazon,Sneha Patel,U1661,amazing quality totally worth price,Positive
The item arrived on time and in perfect condition.,Positive,Flipkart,Raj Verma,U1662,item arrived time perfect condition,Positive
The product stopped working after a few days.,Negative,Flipkart,Neha Gupta,U1663,product stopped working days,Neutral
"I am very satisfied with my purchase, highly recommend.",Positive,Flipkart,Priya Sharma,U1664,satisfied purchase highly recommend,Positive
"I am very satisfied with my purchase, highly recommend.",Positive,Flipkart,Karan Mehta,U1665,satisfied purchase highly recommend,Positive
Excellent customer service and great product.,Positive,Flipkart,Karan Mehta,U1666,excellent customer service great product,Positive
"Very poor quality, not worth the money.",Negative,Amazon,Neha Gupta,U1667,poor quality worth money,Negative
"It works as described, no major issues.",Neutral,Flipkart,Neha Gupta,U1668,works described major issues,Positive
The product is functional but lacks some features.,Neutral,Amazon,Neha Gupta,U1669,product functional lacks features,Neutral
"It works as described, no major issues.",Neutral,Flipkart,Arjun Singh,U1670,works described major issues,Positive
"I am disappointed, it did not meet my expectations.",Negative,Flipkart,Arjun Singh,U1671,disappointed meet expectations,Negative
"The experience was average, not bad.",Neutral,Amazon,Vikram Joshi,U1672,experience average bad,Negative
"Delivery was on time, but packaging could be better.",Neutral,Amazon,Priya Sharma,U1673,delivery time packaging could better,Positive
"The product is okay, nothing special.",Neutral,Flipkart,Sneha Patel,U1674,product okay nothing special,Positive
Item arrived late and was damaged.,Negative,Amazon,Neha Gupta,U1675,item arrived late damaged,Negative
"Delivery was on time, but packaging could be better.",Neutral,Amazon,Neha Gupta,U1676,delivery time packaging could better,Positive
The product stopped working after a few days.,Negative,Flipkart,Priya Sharma,U1677,product stopped working days,Neutral
"Very poor quality, not worth the money.",Negative,Amazon,Raj Verma,U1678,poor quality worth money,Negative
The product exceeded my expectations and works flawlessly.,Positive,Flipkart,Arjun Singh,U1679,product exceeded expectations works flawlessly,Positive
"Amazing quality, totally worth the price.",Positive,Amazon,Vikram Joshi,U1680,amazing quality totally worth price,Positive
Customer service was unhelpful and rude.,Negative,Amazon,Priya Sharma,U1681,customer service unhelpful rude,Negative
The item arrived on time and in perfect condition.,Positive,Amazon,Raj Verma,U1682,item arrived time perfect condition,Positive
"Delivery was on time, but packaging could be better.",Neutral,Flipkart,Sneha Patel,U1683,delivery time packaging could better,Positive
The item arrived on time and in perfect condition.,Positive,Amazon,Karan Mehta,U1684,item arrived time perfect condition,Positive
"Amazing quality, totally worth the price.",Positive,Flipkart,Raj Verma,U1685,amazing quality totally worth price,Positive
The item arrived on time and in perfect condition.,Positive,Flipkart,Priya Sharma,U1686,item arrived time perfect condition,Positive
"The experience was average, not bad.",Neutral,Amazon,Karan Mehta,U1687,experience average bad,Negative
The product stopped working after a few days.,Negative,Flipkart,Karan Mehta,U1688,product stopped working days,Neutral
"It works as described, no major issues.",Neutral,Amazon,Arjun Singh,U1689,works described major issues,Positive
"Delivery was on time, but packaging could be better.",Neutral,Amazon,Neha Gupta,U1690,delivery time packaging could better,Positive
The item arrived on time and in perfect condition.,Positive,Amazon,Sneha Patel,U1691,item arrived time perfect condition,Positive
Customer service was unhelpful and rude.,Negative,Flipkart,Sneha Patel,U1692,customer service unhelpful rude,Negative
"Delivery was on time, but packaging could be better.",Neutral,Flipkart,Raj Verma,U1693,delivery time packaging could better,Positive
The product exceeded my expectations and works flawlessly.,Positive,Amazon,Priya Sharma,U1694,product exceeded expectations works flawlessly,Positive
The item arrived on time and in perfect condition.,Positive,Amazon,Vikram Joshi,U1695,item arrived time perfect condition,Positive
"I am disappointed, it did not meet my expectations.",Negative,Flipkart,Neha Gupta,U1696,disappointed meet expectations,Negative
The product exceeded my expectations and works flawlessly.,Positive,Flipkart,Priya Sharma,U1697,product exceeded expectations works flawlessly,Positive
"Delivery was on time, but packaging could be better.",Neutral,Flipkart,Raj Verma,U1698,delivery time packaging could better,Positive
The product exceeded my expectations and works flawlessly.,Positive,Amazon,Vikram Joshi,U1699,product exceeded expectations works flawlessly,Positive
"The product is okay, nothing special.",Neutral,Flipkart,Karan Mehta,U1700,product okay nothing special,Positive
Excellent customer service and great product.,Positive,Amazon,Sneha Patel,U1701,excellent customer service great product,Positive
The product stopped working after a few days.,Negative,Flipkart,Karan Mehta,U1702,product stopped working days,Neutral
"Very poor quality, not worth the money.",Negative,Amazon,Karan Mehta,U1703,poor quality worth money,Negative
"The product is okay, nothing special.",Neutral,Flipkart,Karan Mehta,U1704,product okay nothing special,Positive
"I am very satisfied with my purchase, highly recommend.",Positive,Amazon,Sneha Patel,U1705,satisfied purchase highly recommend,Positive
"I am disappointed, it did not meet my expectations.",Negative,Amazon,Raj Verma,U1706,disappointed meet expectations,Negative
"The experience was average, not bad.",Neutral,Flipkart,Raj Verma,U1707,experience average bad,Negative
The product is functional but lacks some features.,Neutral,Amazon,Ananya Roy,U1708,product functional lacks features,Neutral
"I am disappointed, it did not meet my expectations.",Negative,Amazon,Sneha Patel,U1709,disappointed meet expectations,Negative
"Amazing quality, totally worth the price.",Positive,Amazon,Neha Gupta,U1710,amazing quality totally worth price,Positive
"I am disappointed, it did not meet my expectations.",Negative,Flipkart,Priya Sharma,U1711,disappointed meet expectations,Negative
Item arrived late and was damaged.,Negative,Flipkart,Raj Verma,U1712,item arrived late damaged,Negative
"It works as described, no major issues.",Neutral,Flipkart,Sneha Patel,U1713,works described major issues,Positive
"Amazing quality, totally worth the price.",Positive,Flipkart,Raj Verma,U1714,amazing quality totally worth price,Positive
"It works as described, no major issues.",Neutral,Amazon,Neha Gupta,U1715,works described major issues,Positive
"Amazing quality, totally worth the price.",Positive,Flipkart,Vikram Joshi,U1716,amazing quality totally worth price,Positive
"The experience was average, not bad.",Neutral,Flipkart,Karan Mehta,U1717,experience average bad,Negative
"Very poor quality, not worth the money.",Negative,Flipkart,Arjun Singh,U1718,poor quality worth money,Negative
"Delivery was on time, but packaging could be better.",Neutral,Flipkart,Priya Sharma,U1719,delivery time packaging could better,Positive
"Amazing quality, totally worth the price.",Positive,Amazon,Karan Mehta,U1720,amazing quality totally worth price,Positive
Customer service was unhelpful and rude.,Negative,Amazon,Karan Mehta,U1721,customer service unhelpful rude,Negative
"I am very satisfied with my purchase, highly recommend.",Positive,Amazon,Arjun Singh,U1722,satisfied purchase highly recommend,Positive
Excellent customer service and great product.,Positive,Flipkart,Neha Gupta,U1723,excellent customer service great product,Positive
"It works as described, no major issues.",Neutral,Flipkart,Sneha Patel,U1724,works described major issues,Positive
Excellent customer service and great product.,Positive,Amazon,Sneha Patel,U1725,excellent customer service great product,Positive
"Delivery was on time, but packaging could be better.",Neutral,Amazon,Vikram Joshi,U1726,delivery time packaging could better,Positive
"Amazing quality, totally worth the price.",Positive,Flipkart,Sneha Patel,U1727,amazing quality totally worth price,Positive
"It works as described, no major issues.",Neutral,Amazon,Karan Mehta,U1728,works described major issues,Positive
The product exceeded my expectations and works flawlessly.,Positive,Flipkart,Karan Mehta,U1729,product exceeded expectations works flawlessly,Positive
"Very poor quality, not worth the money.",Negative,Amazon,Vikram Joshi,U1730,poor quality worth money,Negative
The product stopped working after a few days.,Negative,Amazon,Vikram Joshi,U1731,product stopped working days,Neutral
"I am disappointed, it did not meet my expectations.",Negative,Amazon,Priya Sharma,U1732,disappointed meet expectations,Negative
"Amazing quality, totally worth the price.",Positive,Amazon,Arjun Singh,U1733,amazing quality totally worth price,Positive
"I am disappointed, it did not meet my expectations.",Negative,Flipkart,Sneha Patel,U1734,disappointed meet expectations,Negative
The item arrived on time and in perfect condition.,Positive,Flipkart,Sneha Patel,U1735,item arrived time perfect condition,Positive
"Delivery was on time, but packaging could be better.",Neutral,Flipkart,Sneha Patel,U1736,delivery time packaging could better,Positive
"Delivery was on time, but packaging could be better.",Neutral,Flipkart,Neha Gupta,U1737,delivery time packaging could better,Positive
The product stopped working after a few days.,Negative,Amazon,Raj Verma,U1738,product stopped working days,Neutral
"Delivery was on time, but packaging could be better.",Neutral,Flipkart,Vikram Joshi,U1739,delivery time packaging could better,Positive
Excellent customer service and great product.,Positive,Flipkart,Ananya Roy,U1740,excellent customer service great product,Positive
"I am disappointed, it did not meet my expectations.",Negative,Amazon,Raj Verma,U1741,disappointed meet expectations,Negative
The product exceeded my expectations and works flawlessly.,Positive,Amazon,Arjun Singh,U1742,product exceeded expectations works flawlessly,Positive
The item arrived on time and in perfect condition.,Positive,Flipkart,Sneha Patel,U1743,item arrived time perfect condition,Positive
"Amazing quality, totally worth the price.",Positive,Flipkart,Sneha Patel,U1744,amazing quality totally worth price,Positive
"Very poor quality, not worth the money.",Negative,Amazon,Ananya Roy,U1745,poor quality worth money,Negative
"Amazing quality, totally worth the price.",Positive,Amazon,Ananya Roy,U1746,amazing quality totally worth price,Positive
"The experience was average, not bad.",Neutral,Flipkart,Raj Verma,U1747,experience average bad,Negative
The product stopped working after a few days.,Negative,Amazon,Karan Mehta,U1748,product stopped working days,Neutral
"Very poor quality, not worth the money.",Negative,Flipkart,Priya Sharma,U1749,poor quality worth money,Negative
"Amazing quality, totally worth the price.",Positive,Amazon,Raj Verma,U1750,amazing quality totally worth price,Positive
"The product is okay, nothing special.",Neutral,Amazon,Neha Gupta,U1751,product okay nothing special,Positive
"It works as described, no major issues.",Neutral,Amazon,Priya Sharma,U1752,works described major issues,Positive
"Very poor quality, not worth the money.",Negative,Flipkart,Vikram Joshi,U1753,poor quality worth money,Negative
The product is functional but lacks some features.,Neutral,Amazon,Neha Gupta,U1754,product functional lacks features,Neutral
"It works as described, no major issues.",Neutral,Amazon,Arjun Singh,U1755,works described major issues,Positive
"I am very satisfied with my purchase, highly recommend.",Positive,Amazon,Vikram Joshi,U1756,satisfied purchase highly recommend,Positive
The product exceeded my expectations and works flawlessly.,Positive,Amazon,Ananya Roy,U1757,product exceeded expectations works flawlessly,Positive
"Delivery was on time, but packaging could be better.",Neutral,Flipkart,Neha Gupta,U1758,delivery time packaging could better,Positive
"Delivery was on time, but packaging could be better.",Neutral,Amazon,Sneha Patel,U1759,delivery time packaging could better,Positive
Customer service was unhelpful and rude.,Negative,Amazon,Karan Mehta,U1760,customer service unhelpful rude,Negative
"The product is okay, nothing special.",Neutral,Flipkart,Arjun Singh,U1761,product okay nothing special,Positive
"Very poor quality, not worth the money.",Negative,Amazon,Ananya Roy,U1762,poor quality worth money,Negative
"It works as described, no major issues.",Neutral,Amazon,Vikram Joshi,U1763,works described major issues,Positive
"It works as described, no major issues.",Neutral,Flipkart,Karan Mehta,U1764,works described major issues,Positive
"I am very satisfied with my purchase, highly recommend.",Positive,Amazon,Raj Verma,U1765,satisfied purchase highly recommend,Positive
"The experience was average, not bad.",Neutral,Amazon,Vikram Joshi,U1766,experience average bad,Negative
"Very poor quality, not worth the money.",Negative,Flipkart,Arjun Singh,U1767,poor quality worth money,Negative
"Delivery was on time, but packaging could be better.",Neutral,Flipkart,Ananya Roy,U1768,delivery time packaging could better,Positive
The item arrived on time and in perfect condition.,Positive,Flipkart,Priya Sharma,U1769,item arrived time perfect condition,Positive
"It works as described, no major issues.",Neutral,Flipkart,Neha Gupta,U1770,works described major issues,Positive
The product stopped working after a few days.,Negative,Flipkart,Priya Sharma,U1771,product stopped working days,Neutral
"The experience was average, not bad.",Neutral,Amazon,Karan Mehta,U1772,experience average bad,Negative
"Delivery was on time, but packaging could be better.",Neutral,Flipkart,Karan Mehta,U1773,delivery time packaging could better,Positive
"Delivery was on time, but packaging could be better.",Neutral,Amazon,Vikram Joshi,U1774,delivery time packaging could better,Positive
"Amazing quality, totally worth the price.",Positive,Flipkart,Sneha Patel,U1775,amazing quality totally worth price,Positive
Customer service was unhelpful and rude.,Negative,Amazon,Priya Sharma,U1776,customer service unhelpful rude,Negative
The product is functional but lacks some features.,Neutral,Amazon,Karan Mehta,U1777,product functional lacks features,Neutral
"I am disappointed, it did not meet my expectations.",Negative,Amazon,Priya Sharma,U1778,disappointed meet expectations,Negative
The product exceeded my expectations and works flawlessly.,Positive,Amazon,Sneha Patel,U1779,product exceeded expectations works flawlessly,Positive
"The product is okay, nothing special.",Neutral,Amazon,Sneha Patel,U1780,product okay nothing special,Positive
"The experience was average, not bad.",Neutral,Amazon,Priya Sharma,U1781,experience average bad,Negative
The product is functional but lacks some features.,Neutral,Flipkart,Raj Verma,U1782,product functional lacks features,Neutral
"I am very satisfied with my purchase, highly recommend.",Positive,Flipkart,Raj Verma,U1783,satisfied purchase highly recommend,Positive
The item arrived on time and in perfect condition.,Positive,Amazon,Vikram Joshi,U1784,item arrived time perfect condition,Positive
"I am very satisfied with my purchase, highly recommend.",Positive,Flipkart,Arjun Singh,U1785,satisfied purchase highly recommend,Positive
Item arrived late and was damaged.,Negative,Amazon,Arjun Singh,U1786,item arrived late damaged,Negative
The item arrived on time and in perfect condition.,Positive,Amazon,Raj Verma,U1787,item arrived time perfect condition,Positive
The product stopped working after a few days.,Negative,Amazon,Arjun Singh,U1788,product stopped working days,Neutral
"I am very satisfied with my purchase, highly recommend.",Positive,Flipkart,Priya Sharma,U1789,satisfied purchase highly recommend,Positive
"Delivery was on time, but packaging could be better.",Neutral,Amazon,Sneha Patel,U1790,delivery time packaging could better,Positive
Customer service was unhelpful and rude.,Negative,Amazon,Ananya Roy,U1791,customer service unhelpful rude,Negative
The item arrived on time and in perfect condition.,Positive,Flipkart,Neha Gupta,U1792,item arrived time perfect condition,Positive
"I am disappointed, it did not meet my expectations.",Negative,Flipkart,Raj Verma,U1793,disappointed meet expectations,Negative
"The product is okay, nothing special.",Neutral,Flipkart,Vikram Joshi,U1794,product okay nothing special,Positive
The product exceeded my expectations and works flawlessly.,Positive,Amazon,Ananya Roy,U1795,product exceeded expectations works flawlessly,Positive
"Delivery was on time, but packaging could be better.",Neutral,Amazon,Ananya Roy,U1796,delivery time packaging could better,Positive
"The product is okay, nothing special.",Neutral,Amazon,Arjun Singh,U1797,product okay nothing special,Positive
"Amazing quality, totally worth the price.",Positive,Amazon,Vikram Joshi,U1798,amazing quality totally worth price,Positive
"The experience was average, not bad.",Neutral,Flipkart,Neha Gupta,U1799,experience average bad,Negative
The product exceeded my expectations and works flawlessly.,Positive,Flipkart,Priya Sharma,U1800,product exceeded expectations works flawlessly,Positive
Excellent customer service and great product.,Positive,Flipkart,Sneha Patel,U1801,excellent customer service great product,Positive
"Very poor quality, not worth the money.",Negative,Amazon,Sneha Patel,U1802,poor quality worth money,Negative
The item arrived on time and in perfect condition.,Positive,Flipkart,Arjun Singh,U1803,item arrived time perfect condition,Positive
"The experience was average, not bad.",Neutral,Flipkart,Ananya Roy,U1804,experience average bad,Negative
"Amazing quality, totally worth the price.",Positive,Amazon,Vikram Joshi,U1805,amazing quality totally worth price,Positive
"The product is okay, nothing special.",Neutral,Amazon,Vikram Joshi,U1806,product okay nothing special,Positive
"The product is okay, nothing special.",Neutral,Flipkart,Vikram Joshi,U1807,product okay nothing special,Positive
The product is functional but lacks some features.,Neutral,Amazon,Arjun Singh,U1808,product functional lacks features,Neutral
"I am very satisfied with my purchase, highly recommend.",Positive,Amazon,Neha Gupta,U1809,satisfied purchase highly recommend,Positive
"I am very satisfied with my purchase, highly recommend.",Positive,Amazon,Raj Verma,U1810,satisfied purchase highly recommend,Positive
The product is functional but lacks some features.,Neutral,Flipkart,Raj Verma,U1811,product functional lacks features,Neutral
The item arrived on time and in perfect condition.,Positive,Flipkart,Raj Verma,U1812,item arrived time perfect condition,Positive
"Amazing quality, totally worth the price.",Positive,Flipkart,Vikram Joshi,U1813,amazing quality totally worth price,Positive
The item arrived on time and in perfect condition.,Positive,Amazon,Vikram Joshi,U1814,item arrived time perfect condition,Positive
The product is functional but lacks some features.,Neutral,Amazon,Priya Sharma,U1815,product functional lacks features,Neutral
The item arrived on time and in perfect condition.,Positive,Flipkart,Arjun Singh,U1816,item arrived time perfect condition,Positive
"Delivery was on time, but packaging could be better.",Neutral,Flipkart,Arjun Singh,U1817,delivery time packaging could better,Positive
The item arrived on time and in perfect condition.,Positive,Flipkart,Neha Gupta,U1818,item arrived time perfect condition,Positive
"The product is okay, nothing special.",Neutral,Amazon,Raj Verma,U1819,product okay nothing special,Positive
Customer service was unhelpful and rude.,Negative,Flipkart,Raj Verma,U1820,customer service unhelpful rude,Negative
"It works as described, no major issues.",Neutral,Amazon,Sneha Patel,U1821,works described major issues,Positive
"I am disappointed, it did not meet my expectations.",Negative,Flipkart,Neha Gupta,U1822,disappointed meet expectations,Negative
Customer service was unhelpful and rude.,Negative,Amazon,Neha Gupta,U1823,customer service unhelpful rude,Negative
"The product is okay, nothing special.",Neutral,Amazon,Sneha Patel,U1824,product okay nothing special,Positive
"The experience was average, not bad.",Neutral,Flipkart,Sneha Patel,U1825,experience average bad,Negative
The item arrived on time and in perfect condition.,Positive,Flipkart,Neha Gupta,U1826,item arrived time perfect condition,Positive
"I am very satisfied with my purchase, highly recommend.",Positive,Flipkart,Priya Sharma,U1827,satisfied purchase highly recommend,Positive
"The experience was average, not bad.",Neutral,Amazon,Sneha Patel,U1828,experience average bad,Negative
"Very poor quality, not worth the money.",Negative,Flipkart,Raj Verma,U1829,poor quality worth money,Negative
"Very poor quality, not worth the money.",Negative,Amazon,Sneha Patel,U1830,poor quality worth money,Negative
The product exceeded my expectations and works flawlessly.,Positive,Amazon,Priya Sharma,U1831,product exceeded expectations works flawlessly,Positive
"The experience was average, not bad.",Neutral,Flipkart,Vikram Joshi,U1832,experience average bad,Negative
"It works as described, no major issues.",Neutral,Amazon,Priya Sharma,U1833,works described major issues,Positive
The product stopped working after a few days.,Negative,Amazon,Ananya Roy,U1834,product stopped working days,Neutral
"Amazing quality, totally worth the price.",Positive,Amazon,Raj Verma,U1835,amazing quality totally worth price,Positive
Excellent customer service and great product.,Positive,Amazon,Karan Mehta,U1836,excellent customer service great product,Positive
"Amazing quality, totally worth the price.",Positive,Amazon,Raj Verma,U1837,amazing quality totally worth price,Positive
"Very poor quality, not worth the money.",Negative,Amazon,Vikram Joshi,U1838,poor quality worth money,Negative
"I am disappointed, it did not meet my expectations.",Negative,Flipkart,Priya Sharma,U1839,disappointed meet expectations,Negative
The product exceeded my expectations and works flawlessly.,Positive,Flipkart,Neha Gupta,U1840,product exceeded expectations works flawlessly,Positive
"I am very satisfied with my purchase, highly recommend.",Positive,Amazon,Priya Sharma,U1841,satisfied purchase highly recommend,Positive
"I am disappointed, it did not meet my expectations.",Negative,Amazon,Neha Gupta,U1842,disappointed meet expectations,Negative
Excellent customer service and great product.,Positive,Flipkart,Priya Sharma,U1843,excellent customer service great product,Positive
The product stopped working after a few days.,Negative,Amazon,Ananya Roy,U1844,product stopped working days,Neutral
Item arrived late and was damaged.,Negative,Flipkart,Sneha Patel,U1845,item arrived late damaged,Negative
"The experience was average, not bad.",Neutral,Amazon,Ananya Roy,U1846,experience average bad,Negative
"I am disappointed, it did not meet my expectations.",Negative,Amazon,Sneha Patel,U1847,disappointed meet expectations,Negative
The product stopped working after a few days.,Negative,Amazon,Ananya Roy,U1848,product stopped working days,Neutral
The product is functional but lacks some features.,Neutral,Amazon,Sneha Patel,U1849,product functional lacks features,Neutral
Customer service was unhelpful and rude.,Negative,Amazon,Priya Sharma,U1850,customer service unhelpful rude,Negative
"Amazing quality, totally worth the price.",Positive,Flipkart,Priya Sharma,U1851,amazing quality totally worth price,Positive
"Delivery was on time, but packaging could be better.",Neutral,Amazon,Sneha Patel,U1852,delivery time packaging could better,Positive
"Delivery was on time, but packaging could be better.",Neutral,Amazon,Priya Sharma,U1853,delivery time packaging could better,Positive
"Delivery was on time, but packaging could be better.",Neutral,Amazon,Vikram Joshi,U1854,delivery time packaging could better,Positive
Item arrived late and was damaged.,Negative,Flipkart,Ananya Roy,U1855,item arrived late damaged,Negative
"The product is okay, nothing special.",Neutral,Flipkart,Arjun Singh,U1856,product okay nothing special,Positive
Customer service was unhelpful and rude.,Negative,Flipkart,Arjun Singh,U1857,customer service unhelpful rude,Negative
"It works as described, no major issues.",Neutral,Flipkart,Karan Mehta,U1858,works described major issues,Positive
The product is functional but lacks some features.,Neutral,Flipkart,Vikram Joshi,U1859,product functional lacks features,Neutral
The product is functional but lacks some features.,Neutral,Flipkart,Priya Sharma,U1860,product functional lacks features,Neutral
Excellent customer service and great product.,Positive,Amazon,Karan Mehta,U1861,excellent customer service great product,Positive
The product stopped working after a few days.,Negative,Flipkart,Vikram Joshi,U1862,product stopped working days,Neutral
"I am very satisfied with my purchase, highly recommend.",Positive,Flipkart,Neha Gupta,U1863,satisfied purchase highly recommend,Positive
The item arrived on time and in perfect condition.,Positive,Amazon,Vikram Joshi,U1864,item arrived time perfect condition,Positive
"The product is okay, nothing special.",Neutral,Amazon,Neha Gupta,U1865,product okay nothing special,Positive
"It works as described, no major issues.",Neutral,Amazon,Neha Gupta,U1866,works described major issues,Positive
Item arrived late and was damaged.,Negative,Flipkart,Raj Verma,U1867,item arrived late damaged,Negative
"I am very satisfied with my purchase, highly recommend.",Positive,Amazon,Raj Verma,U1868,satisfied purchase highly recommend,Positive
Excellent customer service and great product.,Positive,Amazon,Vikram Joshi,U1869,excellent customer service great product,Positive
"I am very satisfied with my purchase, highly recommend.",Positive,Flipkart,Karan Mehta,U1870,satisfied purchase highly recommend,Positive
Customer service was unhelpful and rude.,Negative,Flipkart,Karan Mehta,U1871,customer service unhelpful rude,Negative
"I am very satisfied with my purchase, highly recommend.",Positive,Flipkart,Vikram Joshi,U1872,satisfied purchase highly recommend,Positive
Customer service was unhelpful and rude.,Negative,Amazon,Ananya Roy,U1873,customer service unhelpful rude,Negative
"Amazing quality, totally worth the price.",Positive,Amazon,Raj Verma,U1874,amazing quality totally worth price,Positive
"It works as described, no major issues.",Neutral,Flipkart,Ananya Roy,U1875,works described major issues,Positive
"I am very satisfied with my purchase, highly recommend.",Positive,Flipkart,Vikram Joshi,U1876,satisfied purchase highly recommend,Positive
Item arrived late and was damaged.,Negative,Amazon,Ananya Roy,U1877,item arrived late damaged,Negative
"It works as described, no major issues.",Neutral,Amazon,Raj Verma,U1878,works described major issues,Positive
"Amazing quality, totally worth the price.",Positive,Flipkart,Raj Verma,U1879,amazing quality totally worth price,Positive
The product stopped working after a few days.,Negative,Amazon,Priya Sharma,U1880,product stopped working days,Neutral
The item arrived on time and in perfect condition.,Positive,Flipkart,Sneha Patel,U1881,item arrived time perfect condition,Positive
Item arrived late and was damaged.,Negative,Flipkart,Vikram Joshi,U1882,item arrived late damaged,Negative
"I am disappointed, it did not meet my expectations.",Negative,Flipkart,Neha Gupta,U1883,disappointed meet expectations,Negative
The item arrived on time and in perfect condition.,Positive,Flipkart,Karan Mehta,U1884,item arrived time perfect condition,Positive
"It works as described, no major issues.",Neutral,Flipkart,Raj Verma,U1885,works described major issues,Positive
"I am disappointed, it did not meet my expectations.",Negative,Amazon,Neha Gupta,U1886,disappointed meet expectations,Negative
"I am disappointed, it did not meet my expectations.",Negative,Amazon,Ananya Roy,U1887,disappointed meet expectations,Negative
"Delivery was on time, but packaging could be better.",Neutral,Flipkart,Ananya Roy,U1888,delivery time packaging could better,Positive
"The product is okay, nothing special.",Neutral,Amazon,Sneha Patel,U1889,product okay nothing special,Positive
"Delivery was on time, but packaging could be better.",Neutral,Amazon,Ananya Roy,U1890,delivery time packaging could better,Positive
The product is functional but lacks some features.,Neutral,Flipkart,Sneha Patel,U1891,product functional lacks features,Neutral
"The product is okay, nothing special.",Neutral,Amazon,Priya Sharma,U1892,product okay nothing special,Positive
The product is functional but lacks some features.,Neutral,Flipkart,Raj Verma,U1893,product functional lacks features,Neutral
The product exceeded my expectations and works flawlessly.,Positive,Flipkart,Karan Mehta,U1894,product exceeded expectations works flawlessly,Positive
Customer service was unhelpful and rude.,Negative,Flipkart,Karan Mehta,U1895,customer service unhelpful rude,Negative
"The experience was average, not bad.",Neutral,Flipkart,Ananya Roy,U1896,experience average bad,Negative
"Delivery was on time, but packaging could be better.",Neutral,Amazon,Karan Mehta,U1897,delivery time packaging could better,Positive
"The product is okay, nothing special.",Neutral,Amazon,Sneha Patel,U1898,product okay nothing special,Positive
Excellent customer service and great product.,Positive,Flipkart,Sneha Patel,U1899,excellent customer service great product,Positive
Customer service was unhelpful and rude.,Negative,Flipkart,Ananya Roy,U1900,customer service unhelpful rude,Negative
The product is functional but lacks some features.,Neutral,Flipkart,Neha Gupta,U1901,product functional lacks features,Neutral
The product stopped working after a few days.,Negative,Flipkart,Arjun Singh,U1902,product stopped working days,Neutral
"It works as described, no major issues.",Neutral,Amazon,Raj Verma,U1903,works described major issues,Positive
The product exceeded my expectations and works flawlessly.,Positive,Amazon,Priya Sharma,U1904,product exceeded expectations works flawlessly,Positive
"The experience was average, not bad.",Neutral,Amazon,Karan Mehta,U1905,experience average bad,Negative
Customer service was unhelpful and rude.,Negative,Flipkart,Ananya Roy,U1906,customer service unhelpful rude,Negative
"I am disappointed, it did not meet my expectations.",Negative,Flipkart,Neha Gupta,U1907,disappointed meet expectations,Negative
"The product is okay, nothing special.",Neutral,Amazon,Vikram Joshi,U1908,product okay nothing special,Positive
The item arrived on time and in perfect condition.,Positive,Amazon,Raj Verma,U1909,item arrived time perfect condition,Positive
"It works as described, no major issues.",Neutral,Flipkart,Karan Mehta,U1910,works described major issues,Positive
The product is functional but lacks some features.,Neutral,Flipkart,Raj Verma,U1911,product functional lacks features,Neutral
"The product is okay, nothing special.",Neutral,Amazon,Arjun Singh,U1912,product okay nothing special,Positive
The product stopped working after a few days.,Negative,Flipkart,Priya Sharma,U1913,product stopped working days,Neutral
"The experience was average, not bad.",Neutral,Amazon,Neha Gupta,U1914,experience average bad,Negative
The product is functional but lacks some features.,Neutral,Amazon,Raj Verma,U1915,product functional lacks features,Neutral
"Very poor quality, not worth the money.",Negative,Amazon,Neha Gupta,U1916,poor quality worth money,Negative
"Amazing quality, totally worth the price.",Positive,Amazon,Sneha Patel,U1917,amazing quality totally worth price,Positive
"Delivery was on time, but packaging could be better.",Neutral,Flipkart,Raj Verma,U1918,delivery time packaging could better,Positive
Excellent customer service and great product.,Positive,Flipkart,Vikram Joshi,U1919,excellent customer service great product,Positive
Customer service was unhelpful and rude.,Negative,Amazon,Neha Gupta,U1920,customer service unhelpful rude,Negative
"The experience was average, not bad.",Neutral,Flipkart,Vikram Joshi,U1921,experience average bad,Negative
The product exceeded my expectations and works flawlessly.,Positive,Amazon,Vikram Joshi,U1922,product exceeded expectations works flawlessly,Positive
"I am disappointed, it did not meet my expectations.",Negative,Amazon,Sneha Patel,U1923,disappointed meet expectations,Negative
"The product is okay, nothing special.",Neutral,Amazon,Sneha Patel,U1924,product okay nothing special,Positive
The product stopped working after a few days.,Negative,Flipkart,Karan Mehta,U1925,product stopped working days,Neutral
"I am very satisfied with my purchase, highly recommend.",Positive,Amazon,Neha Gupta,U1926,satisfied purchase highly recommend,Positive
"Delivery was on time, but packaging could be better.",Neutral,Flipkart,Ananya Roy,U1927,delivery time packaging could better,Positive
"Delivery was on time, but packaging could be better.",Neutral,Amazon,Sneha Patel,U1928,delivery time packaging could better,Positive
"The product is okay, nothing special.",Neutral,Amazon,Sneha Patel,U1929,product okay nothing special,Positive
The product exceeded my expectations and works flawlessly.,Positive,Amazon,Neha Gupta,U1930,product exceeded expectations works flawlessly,Positive
"The experience was average, not bad.",Neutral,Amazon,Raj Verma,U1931,experience average bad,Negative
"Delivery was on time, but packaging could be better.",Neutral,Flipkart,Arjun Singh,U1932,delivery time packaging could better,Positive
"I am disappointed, it did not meet my expectations.",Negative,Flipkart,Raj Verma,U1933,disappointed meet expectations,Negative
"Delivery was on time, but packaging could be better.",Neutral,Flipkart,Sneha Patel,U1934,delivery time packaging could better,Positive
The item arrived on time and in perfect condition.,Positive,Flipkart,Karan Mehta,U1935,item arrived time perfect condition,Positive
Item arrived late and was damaged.,Negative,Flipkart,Karan Mehta,U1936,item arrived late damaged,Negative
"It works as described, no major issues.",Neutral,Amazon,Raj Verma,U1937,works described major issues,Positive
The product exceeded my expectations and works flawlessly.,Positive,Flipkart,Sneha Patel,U1938,product exceeded expectations works flawlessly,Positive
"Amazing quality, totally worth the price.",Positive,Flipkart,Sneha Patel,U1939,amazing quality totally worth price,Positive
"The experience was average, not bad.",Neutral,Flipkart,Arjun Singh,U1940,experience average bad,Negative
"Very poor quality, not worth the money.",Negative,Flipkart,Raj Verma,U1941,poor quality worth money,Negative
"I am disappointed, it did not meet my expectations.",Negative,Flipkart,Ananya Roy,U1942,disappointed meet expectations,Negative
The product exceeded my expectations and works flawlessly.,Positive,Flipkart,Neha Gupta,U1943,product exceeded expectations works flawlessly,Positive
Excellent customer service and great product.,Positive,Amazon,Sneha Patel,U1944,excellent customer service great product,Positive
Item arrived late and was damaged.,Negative,Amazon,Vikram Joshi,U1945,item arrived late damaged,Negative
"Very poor quality, not worth the money.",Negative,Amazon,Sneha Patel,U1946,poor quality worth money,Negative
The product exceeded my expectations and works flawlessly.,Positive,Amazon,Vikram Joshi,U1947,product exceeded expectations works flawlessly,Positive
"Amazing quality, totally worth the price.",Positive,Amazon,Ananya Roy,U1948,amazing quality totally worth price,Positive
"Delivery was on time, but packaging could be better.",Neutral,Amazon,Neha Gupta,U1949,delivery time packaging could better,Positive
The product stopped working after a few days.,Negative,Amazon,Ananya Roy,U1950,product stopped working days,Neutral
Excellent customer service and great product.,Positive,Flipkart,Arjun Singh,U1951,excellent customer service great product,Positive
"The product is okay, nothing special.",Neutral,Flipkart,Priya Sharma,U1952,product okay nothing special,Positive
The product stopped working after a few days.,Negative,Flipkart,Priya Sharma,U1953,product stopped working days,Neutral
Customer service was unhelpful and rude.,Negative,Amazon,Priya Sharma,U1954,customer service unhelpful rude,Negative
"The product is okay, nothing special.",Neutral,Flipkart,Vikram Joshi,U1955,product okay nothing special,Positive
The item arrived on time and in perfect condition.,Positive,Amazon,Neha Gupta,U1956,item arrived time perfect condition,Positive
Customer service was unhelpful and rude.,Negative,Flipkart,Neha Gupta,U1957,customer service unhelpful rude,Negative
"The product is okay, nothing special.",Neutral,Flipkart,Karan Mehta,U1958,product okay nothing special,Positive
"It works as described, no major issues.",Neutral,Amazon,Neha Gupta,U1959,works described major issues,Positive
"It works as described, no major issues.",Neutral,Amazon,Raj Verma,U1960,works described major issues,Positive
"It works as described, no major issues.",Neutral,Amazon,Karan Mehta,U1961,works described major issues,Positive
Item arrived late and was damaged.,Negative,Amazon,Priya Sharma,U1962,item arrived late damaged,Negative
Customer service was unhelpful and rude.,Negative,Amazon,Sneha Patel,U1963,customer service unhelpful rude,Negative
"I am very satisfied with my purchase, highly recommend.",Positive,Flipkart,Ananya Roy,U1964,satisfied purchase highly recommend,Positive
"I am very satisfied with my purchase, highly recommend.",Positive,Flipkart,Raj Verma,U1965,satisfied purchase highly recommend,Positive
The product exceeded my expectations and works flawlessly.,Positive,Amazon,Karan Mehta,U1966,product exceeded expectations works flawlessly,Positive
The item arrived on time and in perfect condition.,Positive,Flipkart,Neha Gupta,U1967,item arrived time perfect condition,Positive
The item arrived on time and in perfect condition.,Positive,Flipkart,Sneha Patel,U1968,item arrived time perfect condition,Positive
"Amazing quality, totally worth the price.",Positive,Amazon,Sneha Patel,U1969,amazing quality totally worth price,Positive
The product is functional but lacks some features.,Neutral,Flipkart,Priya Sharma,U1970,product functional lacks features,Neutral
"It works as described, no major issues.",Neutral,Flipkart,Raj Verma,U1971,works described major issues,Positive
The product is functional but lacks some features.,Neutral,Flipkart,Priya Sharma,U1972,product functional lacks features,Neutral
The product stopped working after a few days.,Negative,Flipkart,Ananya Roy,U1973,product stopped working days,Neutral
The item arrived on time and in perfect condition.,Positive,Amazon,Neha Gupta,U1974,item arrived time perfect condition,Positive
"It works as described, no major issues.",Neutral,Amazon,Vikram Joshi,U1975,works described major issues,Positive
Customer service was unhelpful and rude.,Negative,Amazon,Priya Sharma,U1976,customer service unhelpful rude,Negative
"The product is okay, nothing special.",Neutral,Amazon,Sneha Patel,U1977,product okay nothing special,Positive
Excellent customer service and great product.,Positive,Amazon,Arjun Singh,U1978,excellent customer service great product,Positive
The item arrived on time and in perfect condition.,Positive,Amazon,Sneha Patel,U1979,item arrived time perfect condition,Positive
"I am disappointed, it did not meet my expectations.",Negative,Flipkart,Neha Gupta,U1980,disappointed meet expectations,Negative
"I am very satisfied with my purchase, highly recommend.",Positive,Flipkart,Priya Sharma,U1981,satisfied purchase highly recommend,Positive
"I am very satisfied with my purchase, highly recommend.",Positive,Flipkart,Vikram Joshi,U1982,satisfied purchase highly recommend,Positive
"I am disappointed, it did not meet my expectations.",Negative,Flipkart,Vikram Joshi,U1983,disappointed meet expectations,Negative
"Very poor quality, not worth the money.",Negative,Amazon,Priya Sharma,U1984,poor quality worth money,Negative
Item arrived late and was damaged.,Negative,Flipkart,Raj Verma,U1985,item arrived late damaged,Negative
"Delivery was on time, but packaging could be better.",Neutral,Amazon,Neha Gupta,U1986,delivery time packaging could better,Positive
"Delivery was on time, but packaging could be better.",Neutral,Flipkart,Ananya Roy,U1987,delivery time packaging could better,Positive
The product exceeded my expectations and works flawlessly.,Positive,Amazon,Karan Mehta,U1988,product exceeded expectations works flawlessly,Positive
Item arrived late and was damaged.,Negative,Amazon,Vikram Joshi,U1989,item arrived late damaged,Negative
"I am very satisfied with my purchase, highly recommend.",Positive,Amazon,Sneha Patel,U1990,satisfied purchase highly recommend,Positive
"Amazing quality, totally worth the price.",Positive,Amazon,Neha Gupta,U1991,amazing quality totally worth price,Positive
"It works as described, no major issues.",Neutral,Flipkart,Vikram Joshi,U1992,works described major issues,Positive
"I am disappointed, it did not meet my expectations.",Negative,Flipkart,Vikram Joshi,U1993,disappointed meet expectations,Negative
The product stopped working after a few days.,Negative,Amazon,Sneha Patel,U1994,product stopped working days,Neutral
"Very poor quality, not worth the money.",Negative,Flipkart,Priya Sharma,U1995,poor quality worth money,Negative
The product exceeded my expectations and works flawlessly.,Positive,Amazon,Sneha Patel,U1996,product exceeded expectations works flawlessly,Positive
The product is functional but lacks some features.,Neutral,Amazon,Neha Gupta,U1997,product functional lacks features,Neutral
The item arrived on time and in perfect condition.,Positive,Flipkart,Ananya Roy,U1998,item arrived time perfect condition,Positive
"I am disappointed, it did not meet my expectations.",Negative,Flipkart,Priya Sharma,U1999,disappointed meet expectations,Negative
"Very poor quality, not worth the money.",Negative,Amazon,Vikram Joshi,U2000,poor quality worth money,Negative
